Gene,p_val,avg_log2FC,pct.1,pct.2,p_val_adj,Cluster,Gene,Proteins,,,,count,,,,,,,,,,,,,,,,
SOX2,1.49E-40,2.136274177,0.43,0.01,3.65E-36,Astrocyte,SOX2,P48431,P48432,P48430,,2,,,,,,,,,,,,,,,,
SOX10,1.85E-35,1.422028473,0.29,0.00,4.51E-31,Astrocyte,SOX10,P56693,Q04888,O55170,Q9W757,2,,,,,,,,,,,,,,,,
CRYAB,1.94E-16,3.934484658,1.00,0.11,4.75E-12,Astrocyte,CRYAB,P02511,,,,4,,,,,,,,,,,,,,,,
HES1,4.10E-09,3.099703513,0.71,0.10,0.000100142,Astrocyte,HES1,Q14469,P35428,Q04666,O57337,3,,,,,,,,,,,,,,,,
TBX3,7.09E-08,2.029548075,0.43,0.04,0.001731314,Astrocyte,TBX3,O15119,,,,1,,,,,,,,,,,,,,,,
TET1,3.43E-06,1.333449096,0.29,0.02,0.083703144,Astrocyte,TET1,Q8NFU7,,,,1,,,,,,,,,,,,,,,,
KHDRBS3,2.36E-05,1.229019318,0.29,0.03,0.575333996,Astrocyte,KHDRBS3,O75525,,,,1,,,,,,,,,,,,,,,,
ERBB3,5.30E-05,1.962435435,0.57,0.13,1,Astrocyte,ERBB3,P21860,,,,4,,,,,,,,,,,,,,,,
NOVA1,8.39E-05,1.702701534,0.43,0.07,1,Astrocyte,NOVA1,P51513,,,,4,,,,,,,,,,,,,,,,
MORF4L1,0.000144691,1.615409194,1.00,0.63,1,Astrocyte,MORF4L1,Q9UBU8,,,,3,,,,,,,,,,,,,,,,
LGALS1,0.000377506,1.689224708,1.00,0.65,1,Astrocyte,LGALS1,P09382,P16045,,,9,,,,,,,,,,,,,,,,
VIM,0.000671699,1.583420175,1.00,0.70,1,Astrocyte,VIM,P08670,,,,8,,,,,,,,,,,,,,,,
PCLAF,0.000917916,1.568608645,0.57,0.16,1,Astrocyte,PCLAF,Q15004,,,,4,,,,,,,,,,,,,,,,
ZBTB20,0.001139461,2.826406729,0.71,0.34,1,Astrocyte,ZBTB20,Q9HC78,,,,4,,,,,,,,,,,,,,,,
PHAX,0.001177828,1.899480554,0.57,0.19,1,Astrocyte,PHAX,Q8BSR8,,,,1,,,,,,,,,,,,,,,,
PPP4R2,0.00149765,1.917369243,0.57,0.20,1,Astrocyte,PPP4R2,Q9NY27,,,,1,,,,,,,,,,,,,,,,
SOX4,0.00424253,2.296843216,0.57,0.23,1,Astrocyte,SOX4,Q06945,Q06831,,,5,,,,,,,,,,,,,,,,
NUP133,0.005168036,1.430884624,0.29,0.06,1,Astrocyte,NUP133,P36161,,,,1,,,,,,,,,,,,,,,,
CSRP1,0.007414361,1.81603564,0.57,0.25,1,Astrocyte,CSRP1,P21291,P47875,P32965,,6,,,,,,,,,,,,,,,,
POLH,0.007537591,1.282601043,0.43,0.12,1,Astrocyte,POLH,Q9Y253,,,,1,,,,,,,,,,,,,,,,
RPS6KA5,0.008539863,1.200486356,0.71,0.36,1,Astrocyte,RPS6KA5,O95316,,,,1,,,,,,,,,,,,,,,,
PAXBP1,0.00886233,1.518859893,0.29,0.06,1,Astrocyte,PAXBP1,Q9Y5B6,,,,1,,,,,,,,,,,,,,,,
XBP1,0,1.538222133,0.60,0.40,0,B_cell,XBP1,P17861,,,,2,,,,,,,,,,,,,,,,
SEC11C,0,1.19706502,0.59,0.30,0,B_cell,SEC11C,Q9BY50,,,,1,,,,,,,,,,,,,,,,
POU2AF1,0,1.04649978,0.48,0.02,0,B_cell,POU2AF1,Q16633,,,,1,,,,,,,,,,,,,,,,
IRF8,0,1.040358447,0.25,0.09,0,B_cell,IRF8,Q02556,,,,1,,,,,,,,,,,,,,,,
POU2F2,0,0.999615275,0.38,0.08,0,B_cell,POU2F2,P09086,Q00196,,,1,,,,,,,,,,,,,,,,
MEF2C,0,0.952728904,0.55,0.14,0,B_cell,MEF2C,Q06413,Q9D7L0,,,2,,,,,,,,,,,,,,,,
RPL9P7,4.03E-09,1.402314869,0.67,0.04,9.84E-05,BM,RPL9P7,P32969,,,,1,,,,,,,,,,,,,,,,
HJURP,3.41E-05,1.873137745,0.33,0.02,0.833529177,BM,HJURP,Q8NCD3,,,,1,,,,,,,,,,,,,,,,
MAD2L1,0.000130991,2.281217306,0.67,0.09,1,BM,MAD2L1,Q13257,Q9Z1B5,,,2,,,,,,,,,,,,,,,,
CENPA,0.003034311,1.820682425,0.33,0.03,1,BM,CENPA,P49450,,,,2,,,,,,,,,,,,,,,,
RPS18,0.003338044,1.655192397,1.00,1.00,1,BM,RPS18,P25232,,,,3,,,,,,,,,,,,,,,,
MYBL2,0.004423162,1.832460516,0.33,0.04,1,BM,MYBL2,P10244,,,,1,,,,,,,,,,,,,,,,
RPL23,0.004815528,1.315802361,1.00,0.95,1,BM,RPL23,P23131,,,,1,,,,,,,,,,,,,,,,
RPL14,0.005376295,1.368374241,1.00,0.97,1,BM,RPL14,P50914,,,,2,,,,,,,,,,,,,,,,
AURKB,0.00617025,1.787774137,0.33,0.04,1,BM,AURKB,O60446,,,,2,,,,,,,,,,,,,,,,
RPL21,0.007049604,1.552228773,1.00,0.99,1,BM,RPL21,P46778,,,,3,,,,,,,,,,,,,,,,
HDAC4,0.007139792,1.849974681,0.33,0.04,1,BM,HDAC4,P56524,P83038,,,1,,,,,,,,,,,,,,,,
TPT1,0.007211682,1.373864608,1.00,0.99,1,BM,TPT1,P13693,P14701,P43347,,1,,,,,,,,,,,,,,,,
CENPU,1.56E-08,1.825671923,0.50,0.04,0.000380081,BM & Prog.,CENPU,Q71F23,,,,1,,,,,,,,,,,,,,,,
CENPX,6.97E-05,1.903906958,0.83,0.29,1,BM & Prog.,CENPX,A8MT69,,,,2,,,,,,,,,,,,,,,,
PPIA,8.51E-05,2.116608917,1.00,0.80,1,BM & Prog.,PPIA,P05092,,,,3,,,,,,,,,,,,,,,,
RPL8,0.000213245,1.07104342,1.00,0.98,1,BM & Prog.,RPL8,P25120,,,,5,,,,,,,,,,,,,,,,
RAD51AP1,0.000394769,1.577449991,0.33,0.05,1,BM & Prog.,RAD51AP1,Q96B01,,,,1,,,,,,,,,,,,,,,,
RPL21,0.000502355,1.088994304,1.00,0.99,1,BM & Prog.,RPL21,P46778,,,,3,,,,,,,,,,,,,,,,
RPL7A,0.00051631,1.256306942,1.00,0.97,1,BM & Prog.,RPL7A,P11518,,,,1,,,,,,,,,,,,,,,,
RPLP0,0.000670649,1.491946588,1.00,0.94,1,BM & Prog.,RPLP0,P05388,,,,7,,,,,,,,,,,,,,,,
GINS2,0.000915975,1.220333997,0.33,0.05,1,BM & Prog.,GINS2,Q9Y248,,,,1,,,,,,,,,,,,,,,,
LSM4,0.001000928,1.612172066,0.83,0.39,1,BM & Prog.,LSM4,Q9Y4Z0,Q9QXA5,,,1,,,,,,,,,,,,,,,,
RPL35,0.001218007,1.328988394,1.00,0.98,1,BM & Prog.,RPL35,P42766,,,,3,,,,,,,,,,,,,,,,
GAPDH,0.001224764,1.120415457,1.00,0.93,1,BM & Prog.,GAPDH,P04406,,,,4,,,,,,,,,,,,,,,,
LSM5,0.001542135,1.405085458,0.83,0.44,1,BM & Prog.,LSM5,Q9Y4Y9,,,,1,,,,,,,,,,,,,,,,
ELP3,0.001876765,1.421316806,0.33,0.06,1,BM & Prog.,ELP3,Q9H9T3,,,,1,,,,,,,,,,,,,,,,
HMGB1,0.00201949,1.767810035,1.00,0.83,1,BM & Prog.,HMGB1,P09429,P07155,,,3,,,,,,,,,,,,,,,,
LGALS3,0.002036882,1.116249007,1.00,0.56,1,BM & Prog.,LGALS3,P17931,P47845,,,4,,,,,,,,,,,,,,,,
FAM120A,0.002553573,2.010665007,0.67,0.28,1,BM & Prog.,FAM120A,Q9NZB2,,,,1,,,,,,,,,,,,,,,,
RPS3A,0.002895441,1.116695645,1.00,0.98,1,BM & Prog.,RPS3A,P49241,,,,1,,,,,,,,,,,,,,,,
HMGN2,0.004273399,1.834319121,0.83,0.59,1,BM & Prog.,HMGN2,P05204,P09602,P18437,P02314,2,,,,,,,,,,,,,,,,
HNRNPA1,0.005129782,0.846608615,1.00,0.89,1,BM & Prog.,HNRNPA1,P09651,,,,1,,,,,,,,,,,,,,,,
HMGN5,0.00520568,1.01597792,0.33,0.07,1,BM & Prog.,HMGN5,P82970,Q9JL35,,,1,,,,,,,,,,,,,,,,
FEN1,0.005294753,1.352234931,0.33,0.07,1,BM & Prog.,FEN1,Q9JHW7,Q90YB0,P39749,,1,,,,,,,,,,,,,,,,
HMGA1,0.005306914,1.827713099,0.67,0.30,1,BM & Prog.,HMGA1,P17096,Q924L8,,,2,,,,,,,,,,,,,,,,
MKI67,0.005373947,1.159347219,0.33,0.07,1,BM & Prog.,MKI67,Q61769,P46013,,,2,,,,,,,,,,,,,,,,
RPL6,0.005444945,1.081805738,1.00,0.96,1,BM & Prog.,RPL6,Q02878,P21533,,,1,,,,,,,,,,,,,,,,
SNU13,0.00708603,1.031925137,0.83,0.59,1,BM & Prog.,SNU13,P55769,Q9D0T1,,,1,,,,,,,,,,,,,,,,
RPS17,0.007242769,1.104770335,1.00,0.98,1,BM & Prog.,RPS17,P08708,,,,4,,,,,,,,,,,,,,,,
PCLAF,0.008040051,1.949815842,0.50,0.16,1,BM & Prog.,PCLAF,Q15004,,,,4,,,,,,,,,,,,,,,,
RPL7,0.009809445,1.01176001,1.00,0.99,1,BM & Prog.,RPL7,P18124,,,,1,,,,,,,,,,,,,,,,
LGALS1,0,1.863879857,0.99,0.64,0,Chondrocytes,LGALS1,P09382,P16045,,,9,,,,,,,,,,,,,,,,
CRYAB,0,1.213935104,0.49,0.10,0,Chondrocytes,CRYAB,P02511,,,,4,,,,,,,,,,,,,,,,
NDN,0,0.973021071,0.47,0.09,0,Chondrocytes,NDN,Q99608,P25233,,,3,,,,,,,,,,,,,,,,
SNAI2,0,0.91855655,0.43,0.08,0,Chondrocytes,SNAI2,O43623,,,,4,,,,,,,,,,,,,,,,
VIM,3.93E-290,1.419346408,0.97,0.69,9.60E-286,Chondrocytes,VIM,P08670,,,,8,,,,,,,,,,,,,,,,
PBX1,1.15E-247,0.939318966,0.50,0.14,2.81E-243,Chondrocytes,PBX1,P40424,,,,4,,,,,,,,,,,,,,,,
HSPB1,5.06E-167,0.966822203,0.89,0.60,1.24E-162,Chondrocytes,HSPB1,P04792,P14602,,,6,,,,,,,,,,,,,,,,
NOVA1,5.25E-145,0.763915637,0.27,0.07,1.28E-140,Chondrocytes,NOVA1,P51513,,,,4,,,,,,,,,,,,,,,,
CEBPD,1.55E-144,1.298063729,0.49,0.19,3.78E-140,Chondrocytes,CEBPD,P49716,,,,4,,,,,,,,,,,,,,,,
ZBTB16,4.13E-143,0.917177802,0.34,0.10,1.01E-138,Chondrocytes,ZBTB16,Q05516,,,,3,,,,,,,,,,,,,,,,
LMNA,9.56E-140,0.869180216,0.77,0.43,2.33E-135,Chondrocytes,LMNA,P48678,P02545,P11516,P13648,7,,,,,,,,,,,,,,,,
DST,1.01E-136,0.752192354,0.50,0.20,2.46E-132,Chondrocytes,DST,Q03001,,,,4,,,,,,,,,,,,,,,,
CSRP1,5.35E-136,1.000634063,0.54,0.24,1.31E-131,Chondrocytes,CSRP1,P21291,P47875,P32965,,6,,,,,,,,,,,,,,,,
EGR1,9.56E-131,1.227741759,0.58,0.29,2.33E-126,Chondrocytes,EGR1,P18146,P08046,P08154,,5,,,,,,,,,,,,,,,,
ZBTB20,4.38E-126,0.892701297,0.65,0.33,1.07E-121,Chondrocytes,ZBTB20,Q9HC78,,,,4,,,,,,,,,,,,,,,,
RTN4,3.12E-111,0.790528583,0.75,0.49,7.63E-107,Chondrocytes,RTN4,Q9JK11,Q9NQC3,,,5,,,,,,,,,,,,,,,,
ID3,6.67E-107,1.575691331,0.53,0.28,1.63E-102,Chondrocytes,ID3,Q02535,,,,5,,,,,,,,,,,,,,,,
PPIB,7.04E-105,0.806615302,0.81,0.66,1.72E-100,Chondrocytes,PPIB,P23284,,,,2,,,,,,,,,,,,,,,,
FLNA,1.64E-101,0.985530733,0.55,0.28,4.01E-97,Chondrocytes,FLNA,P21333,,,,4,,,,,,,,,,,,,,,,
CITED2,1.65E-44,0.997311345,0.41,0.24,4.03E-40,Chondrocytes,CITED2,Q99967,O35740,,,1,,,,,,,,,,,,,,,,
ZFP36,4.78E-36,0.778061642,0.73,0.62,1.17E-31,Chondrocytes,ZFP36,P26651,,,,5,,,,,,,,,,,,,,,,
FOS,2.43E-20,0.757039083,0.74,0.70,5.94E-16,Chondrocytes,FOS,P01100,,,,5,,,,,,,,,,,,,,,,
GATA2,0,2.664784706,0.70,0.02,0,CMP,GATA2,P23769,O09100,P23824,,3,,,,,,,,,,,,,,,,
CAPG,8.97E-213,2.472735701,0.90,0.31,2.19E-208,CMP,CAPG,P40121,P24452,,,5,,,,,,,,,,,,,,,,
ALOX5,7.85E-153,1.272642868,0.43,0.07,1.92E-148,CMP,ALOX5,P09917,,,,1,,,,,,,,,,,,,,,,
SMYD3,3.65E-107,1.177196878,0.38,0.08,8.92E-103,CMP,SMYD3,Q9H7B4,,,,1,,,,,,,,,,,,,,,,
MITF,5.08E-103,1.046364672,0.31,0.05,1.24E-98,CMP,MITF,O75030,Q08874,O88368,,1,,,,,,,,,,,,,,,,
PTMA,3.62E-87,0.810450414,1.00,0.99,8.84E-83,CMP,PTMA,P06454,,,,2,,,,,,,,,,,,,,,,
FOXP1,6.06E-62,1.265113495,0.68,0.38,1.48E-57,CMP,FOXP1,Q9H334,,,,1,,,,,,,,,,,,,,,,
LEO1,5.14E-61,1.082323349,0.32,0.09,1.25E-56,CMP,LEO1,Q8WVC0,,,,1,,,,,,,,,,,,,,,,
PBX1,6.60E-55,0.94930342,0.42,0.15,1.61E-50,CMP,PBX1,P40424,,,,4,,,,,,,,,,,,,,,,
ID2,4.54E-33,1.117990075,0.65,0.43,1.11E-28,CMP,ID2,Q02363,,,,3,,,,,,,,,,,,,,,,
AHR,6.74E-28,0.890463932,0.35,0.16,1.65E-23,CMP,AHR,P35869,,,,2,,,,,,,,,,,,,,,,
ELF1,1.10E-21,0.891503232,0.56,0.38,2.68E-17,CMP,ELF1,P32519,,,,2,,,,,,,,,,,,,,,,
LMO4,6.56E-21,1.105917949,0.36,0.21,1.60E-16,CMP,LMO4,O00158,,,,1,,,,,,,,,,,,,,,,
NR4A2,6.95E-14,0.989234873,0.34,0.20,1.70E-09,CMP,NR4A2,P43354,Q06219,,,4,,,,,,,,,,,,,,,,
SPI1,0,1.667473092,0.65,0.10,0,DC,SPI1,P17947,P17433,,,4,,,,,,,,,,,,,,,,
MAFB,5.86E-193,1.346309659,0.50,0.11,1.43E-188,DC,MAFB,Q9Y5Q3,,,,3,,,,,,,,,,,,,,,,
CAPG,1.24E-67,1.396163991,0.57,0.32,3.04E-63,DC,CAPG,P40121,P24452,,,5,,,,,,,,,,,,,,,,
LGALS1,1.73E-65,0.841809913,0.89,0.65,4.23E-61,DC,LGALS1,P09382,P16045,,,9,,,,,,,,,,,,,,,,
PRDX1,1.27E-20,0.7636177,0.76,0.67,3.09E-16,DC,PRDX1,Q06830,,,,2,,,,,,,,,,,,,,,,
SATB2,7.19E-05,1.107260616,0.33,0.05,1,Embryonic_stem_cells,SATB2,Q9UPW6,,,,2,,,,,,,,,,,,,,,,
HMGB3,0.000581117,1.455645025,0.44,0.12,1,Embryonic_stem_cells,HMGB3,O15347,O54879,P40618,,4,,,,,,,,,,,,,,,,
DDX41,0.00096202,1.468123073,0.44,0.12,1,Embryonic_stem_cells,DDX41,Q9UJV9,,,,1,,,,,,,,,,,,,,,,
ERBB3,0.00121162,1.272298436,0.44,0.13,1,Embryonic_stem_cells,ERBB3,P21860,,,,4,,,,,,,,,,,,,,,,
RPLP0,0.002770901,0.916352364,1.00,0.94,1,Embryonic_stem_cells,RPLP0,P05388,,,,7,,,,,,,,,,,,,,,,
UBE2T,0.003299308,1.229936957,0.33,0.08,1,Embryonic_stem_cells,UBE2T,Q9NPD8,,,,2,,,,,,,,,,,,,,,,
REV3L,0.004051715,1.179926489,0.56,0.22,1,Embryonic_stem_cells,REV3L,O60673,,,,1,,,,,,,,,,,,,,,,
NSMCE4A,0.004547221,1.594507197,0.44,0.16,1,Embryonic_stem_cells,NSMCE4A,Q9NXX6,,,,1,,,,,,,,,,,,,,,,
TDP2,0.008199232,1.354919744,0.44,0.17,1,Embryonic_stem_cells,TDP2,O95551,,,,1,,,,,,,,,,,,,,,,
ID1,0,2.326686521,0.71,0.19,0,Endothelial_cells,ID1,P41134,,,,2,,,,,,,,,,,,,,,,
EPAS1,0,2.054286381,0.74,0.11,0,Endothelial_cells,EPAS1,Q99814,P97481,,,2,,,,,,,,,,,,,,,,
ID3,0,1.64559099,0.73,0.26,0,Endothelial_cells,ID3,Q02535,,,,5,,,,,,,,,,,,,,,,
KLF2,0,1.608759795,0.62,0.15,0,Endothelial_cells,KLF2,Q9Y5W3,,,,1,,,,,,,,,,,,,,,,
SOX17,0,1.512586471,0.40,0.00,0,Endothelial_cells,SOX17,Q9H6I2,Q61473,,,2,,,,,,,,,,,,,,,,
LDB2,0,1.508439081,0.56,0.03,0,Endothelial_cells,LDB2,O43679,,,,1,,,,,,,,,,,,,,,,
VIM,0,1.369009798,0.97,0.69,0,Endothelial_cells,VIM,P08670,,,,8,,,,,,,,,,,,,,,,
WWTR1,0,1.300626208,0.53,0.06,0,Endothelial_cells,WWTR1,Q9GZV5,,,,1,,,,,,,,,,,,,,,,
ELK3,0,1.191804106,0.55,0.09,0,Endothelial_cells,ELK3,P41970,,,,1,,,,,,,,,,,,,,,,
SOX18,0,1.18061173,0.41,0.00,0,Endothelial_cells,SOX18,P35713,P43680,,,1,,,,,,,,,,,,,,,,
YBX3,0,1.165138277,0.63,0.26,0,Endothelial_cells,YBX3,P16989,,,,2,,,,,,,,,,,,,,,,
LMNA,0,1.150911819,0.80,0.42,0,Endothelial_cells,LMNA,P48678,P02545,P11516,P13648,7,,,,,,,,,,,,,,,,
ETS2,0,1.119935197,0.62,0.21,0,Endothelial_cells,ETS2,P15036,P15037,P10157,,3,,,,,,,,,,,,,,,,
SMAD1,0,1.084207829,0.45,0.08,0,Endothelial_cells,SMAD1,Q15797,,,,1,,,,,,,,,,,,,,,,
HSPB1,0,1.060281736,0.91,0.59,0,Endothelial_cells,HSPB1,P04792,P14602,,,6,,,,,,,,,,,,,,,,
MEF2C,0,0.93488092,0.59,0.20,0,Endothelial_cells,MEF2C,Q06413,Q9D7L0,,,2,,,,,,,,,,,,,,,,
ERG,0,0.909813125,0.41,0.01,0,Endothelial_cells,ERG,P11308,,,,1,,,,,,,,,,,,,,,,
MECOM,0,0.874349143,0.35,0.07,0,Endothelial_cells,MECOM,P14404,,,,1,,,,,,,,,,,,,,,,
HDAC7,0,0.818128179,0.46,0.13,0,Endothelial_cells,HDAC7,Q9JL72,,,,1,,,,,,,,,,,,,,,,
SOX7,0,0.78397324,0.30,0.00,0,Endothelial_cells,SOX7,Q9BT81,P40646,,,2,,,,,,,,,,,,,,,,
ZEB1,0,0.770891003,0.42,0.09,0,Endothelial_cells,ZEB1,Q2KJ05,,,,1,,,,,,,,,,,,,,,,
ETS1,0,0.751218655,0.54,0.18,0,Endothelial_cells,ETS1,P14921,P27577,P41156,,2,,,,,,,,,,,,,,,,
TACC1,5.15E-258,0.962186365,0.57,0.27,1.26E-253,Endothelial_cells,TACC1,O75410,,,,1,,,,,,,,,,,,,,,,
SOX4,4.46E-252,0.770735323,0.51,0.21,1.09E-247,Endothelial_cells,SOX4,Q06945,Q06831,,,5,,,,,,,,,,,,,,,,
CTNNB1,1.70E-240,0.919586327,0.57,0.28,4.14E-236,Endothelial_cells,CTNNB1,P35222,Q02248,Q9WU82,,1,,,,,,,,,,,,,,,,
ACTN4,1.01E-229,0.804289618,0.64,0.33,2.48E-225,Endothelial_cells,ACTN4,O43707,,,,1,,,,,,,,,,,,,,,,
RAC1,8.08E-222,0.862974324,0.75,0.46,1.97E-217,Endothelial_cells,RAC1,P63000,,,,2,,,,,,,,,,,,,,,,
NR2F2,2.89E-215,0.794155604,0.36,0.13,7.05E-211,Endothelial_cells,NR2F2,P24468,,,,4,,,,,,,,,,,,,,,,
HES1,1.31E-193,0.920415508,0.29,0.09,3.19E-189,Endothelial_cells,HES1,Q14469,P35428,Q04666,O57337,3,,,,,,,,,,,,,,,,
CCND1,2.68E-110,0.751608351,0.36,0.18,6.53E-106,Endothelial_cells,CCND1,P24385,,,,1,,,,,,,,,,,,,,,,
LGALS3,0,1.963807847,0.93,0.50,0,Epithelial_cells,LGALS3,P17931,P47845,,,4,,,,,,,,,,,,,,,,
KLF5,0,1.217229476,0.65,0.07,0,Epithelial_cells,KLF5,Q9Z0Z7,Q13887,,,3,,,,,,,,,,,,,,,,
GAPDH,0,1.023344609,0.99,0.92,0,Epithelial_cells,GAPDH,P04406,,,,4,,,,,,,,,,,,,,,,
ID1,0,0.866338371,0.52,0.17,0,Epithelial_cells,ID1,P41134,,,,2,,,,,,,,,,,,,,,,
DSP,0,0.790783756,0.52,0.05,0,Epithelial_cells,DSP,P15924,,,,1,,,,,,,,,,,,,,,,
PHB,0,0.778169575,0.71,0.33,0,Epithelial_cells,PHB,P35232,,,,1,,,,,,,,,,,,,,,,
RPL8,0,0.775732632,0.99,0.98,0,Epithelial_cells,RPL8,P25120,,,,5,,,,,,,,,,,,,,,,
EIF6,0,0.764425199,0.70,0.32,0,Epithelial_cells,EIF6,P56537,,,,1,,,,,,,,,,,,,,,,
RPLP0,0,0.758201261,0.98,0.94,0,Epithelial_cells,RPLP0,P05388,,,,7,,,,,,,,,,,,,,,,
LGALS1,0,2.092255426,0.99,0.63,0,Fibroblasts,LGALS1,P09382,P16045,,,9,,,,,,,,,,,,,,,,
VIM,0,1.373716989,0.97,0.68,0,Fibroblasts,VIM,P08670,,,,8,,,,,,,,,,,,,,,,
ID3,0,1.371325215,0.61,0.27,0,Fibroblasts,ID3,Q02535,,,,5,,,,,,,,,,,,,,,,
HSPB1,0,1.146218069,0.92,0.59,0,Fibroblasts,HSPB1,P04792,P14602,,,6,,,,,,,,,,,,,,,,
EGR1,0,1.080964329,0.62,0.27,0,Fibroblasts,EGR1,P18146,P08046,P08154,,5,,,,,,,,,,,,,,,,
SNAI2,0,1.046851861,0.51,0.06,0,Fibroblasts,SNAI2,O43623,,,,4,,,,,,,,,,,,,,,,
FLNA,0,1.020984299,0.65,0.26,0,Fibroblasts,FLNA,P21333,,,,4,,,,,,,,,,,,,,,,
RTN4,0,0.983136478,0.84,0.47,0,Fibroblasts,RTN4,Q9JK11,Q9NQC3,,,5,,,,,,,,,,,,,,,,
PBX1,0,0.953478961,0.55,0.12,0,Fibroblasts,PBX1,P40424,,,,4,,,,,,,,,,,,,,,,
PPIB,0,0.913911326,0.88,0.65,0,Fibroblasts,PPIB,P23284,,,,2,,,,,,,,,,,,,,,,
SCARA5,0,0.89806108,0.30,0.03,0,Fibroblasts,SCARA5,Q6ZMJ2,,,,2,,,,,,,,,,,,,,,,
LMNA,0,0.892459604,0.81,0.42,0,Fibroblasts,LMNA,P48678,P02545,P11516,P13648,7,,,,,,,,,,,,,,,,
NDN,0,0.88526606,0.53,0.07,0,Fibroblasts,NDN,Q99608,P25233,,,3,,,,,,,,,,,,,,,,
LOXL2,0,0.833089223,0.31,0.05,0,Fibroblasts,LOXL2,Q9Y4K0,,,,3,,,,,,,,,,,,,,,,
NOVA1,0,0.81664381,0.36,0.05,0,Fibroblasts,NOVA1,P51513,,,,4,,,,,,,,,,,,,,,,
CEBPD,1.17E-305,0.9285693,0.49,0.18,2.85E-301,Fibroblasts,CEBPD,P49716,,,,4,,,,,,,,,,,,,,,,
CSRP1,2.81E-279,0.914117685,0.53,0.23,6.85E-275,Fibroblasts,CSRP1,P21291,P47875,P32965,,6,,,,,,,,,,,,,,,,
MYB,1.59E-10,1.077125725,0.27,0.06,3.89E-06,GMP,MYB,P10242,,,,2,,,,,,,,,,,,,,,,
PTMA,9.59E-10,0.827669478,0.98,0.99,2.34E-05,GMP,PTMA,P06454,,,,2,,,,,,,,,,,,,,,,
CAPG,1.09E-05,1.187072055,0.56,0.32,0.265223184,GMP,CAPG,P40121,P24452,,,5,,,,,,,,,,,,,,,,
NUDT1,3.52E-05,0.815401717,0.40,0.19,0.859711244,GMP,NUDT1,P36639,,,,1,,,,,,,,,,,,,,,,
PCLAF,0.00048265,0.921134032,0.33,0.16,1,GMP,PCLAF,Q15004,,,,4,,,,,,,,,,,,,,,,
RPL31,1.08E-06,1.241423588,0.96,0.96,0.02642072,Hepatocytes,RPL31,P12947,,,,1,,,,,,,,,,,,,,,,
RPL14,1.26E-06,0.964758959,1.00,0.97,0.030697482,Hepatocytes,RPL14,P50914,,,,2,,,,,,,,,,,,,,,,
RPL21,2.88E-06,0.876170272,1.00,0.99,0.070302451,Hepatocytes,RPL21,P46778,,,,3,,,,,,,,,,,,,,,,
RPL35A,2.93E-06,0.756655005,1.00,0.98,0.071510088,Hepatocytes,RPL35A,P18077,O55142,,,1,,,,,,,,,,,,,,,,
RPL12,5.15E-05,1.033017835,1.00,0.99,1,Hepatocytes,RPL12,P30050,,,,4,,,,,,,,,,,,,,,,
CDX2,0.000167931,1.523767356,0.27,0.08,1,Hepatocytes,CDX2,Q99626,P43241,,,2,,,,,,,,,,,,,,,,
RPS17,0.000266599,1.032405213,0.96,0.98,1,Hepatocytes,RPS17,P08708,,,,4,,,,,,,,,,,,,,,,
RPLP0,0.000492887,0.931760554,0.96,0.94,1,Hepatocytes,RPLP0,P05388,,,,7,,,,,,,,,,,,,,,,
RPL35,0.001142807,0.814236332,0.92,0.98,1,Hepatocytes,RPL35,P42766,,,,3,,,,,,,,,,,,,,,,
LGALS3,0.001305077,1.444965503,0.65,0.56,1,Hepatocytes,LGALS3,P17931,P47845,,,4,,,,,,,,,,,,,,,,
RPS11,0.003194767,0.775811207,0.96,0.97,1,Hepatocytes,RPS11,P04643,,,,2,,,,,,,,,,,,,,,,
HINT1,0.003596499,0.803751494,0.81,0.81,1,Hepatocytes,HINT1,P49773,,,,2,,,,,,,,,,,,,,,,
RPS3,0.003728994,0.803225548,0.96,0.99,1,Hepatocytes,RPS3,P23396,,,,1,,,,,,,,,,,,,,,,
SYCP3,1.57E-10,1.110692685,0.25,0.01,3.84E-06,HSC_CD34+,SYCP3,P70281,Q63520,,,1,,,,,,,,,,,,,,,,
TAF6L,1.39E-08,1.580256797,0.50,0.03,0.000338449,HSC_CD34+,TAF6L,Q9Y6J9,,,,1,,,,,,,,,,,,,,,,
ZSCAN12,3.14E-06,1.104248212,0.25,0.01,0.076590908,HSC_CD34+,ZSCAN12,Q9Z1D7,,,,1,,,,,,,,,,,,,,,,
ZBTB32,2.03E-05,1.074059584,0.25,0.01,0.49581763,HSC_CD34+,ZBTB32,Q9Y2Y4,Q9JKD9,,,1,,,,,,,,,,,,,,,,
SOX7,0.000624976,0.893136218,0.25,0.02,1,HSC_CD34+,SOX7,Q9BT81,P40646,,,2,,,,,,,,,,,,,,,,
ALKBH3,0.000995476,1.701701947,0.50,0.08,1,HSC_CD34+,ALKBH3,Q96Q83,,,,1,,,,,,,,,,,,,,,,
AFF1,0.001006739,1.779530885,0.50,0.08,1,HSC_CD34+,AFF1,P51825,,,,1,,,,,,,,,,,,,,,,
HIF3A,0.001033483,0.886748727,0.25,0.02,1,HSC_CD34+,HIF3A,Q9Y2N7,,,,1,,,,,,,,,,,,,,,,
DDX24,0.001301754,1.920275903,1.00,0.46,1,HSC_CD34+,DDX24,Q9GZR7,,,,2,,,,,,,,,,,,,,,,
SOX17,0.001527609,2.783933011,0.25,0.02,1,HSC_CD34+,SOX17,Q9H6I2,Q61473,,,2,,,,,,,,,,,,,,,,
AKAP8,0.001556813,1.450807328,0.50,0.09,1,HSC_CD34+,AKAP8,O43823,,,,1,,,,,,,,,,,,,,,,
ZNF184,0.001586272,1.075090685,0.25,0.02,1,HSC_CD34+,ZNF184,Q99676,,,,1,,,,,,,,,,,,,,,,
NR4A2,0.001739802,1.676233731,0.75,0.20,1,HSC_CD34+,NR4A2,P43354,Q06219,,,4,,,,,,,,,,,,,,,,
PRKCB,0.00190737,2.762466664,0.50,0.09,1,HSC_CD34+,PRKCB,P05771,,,,1,,,,,,,,,,,,,,,,
MED1,0.002147149,1.749805708,0.50,0.09,1,HSC_CD34+,MED1,Q15648,,,,1,,,,,,,,,,,,,,,,
PHF20,0.003063051,1.954174212,0.75,0.26,1,HSC_CD34+,PHF20,Q9BVI0,,,,1,,,,,,,,,,,,,,,,
GATA2,0.003167875,1.608024995,0.25,0.03,1,HSC_CD34+,GATA2,P23769,O09100,P23824,,3,,,,,,,,,,,,,,,,
ZNF234,0.003870438,1.064755048,0.25,0.03,1,HSC_CD34+,ZNF234,Q14588,,,,1,,,,,,,,,,,,,,,,
BACH1,0.004892596,1.697101622,0.50,0.11,1,HSC_CD34+,BACH1,O14867,P97302,,,1,,,,,,,,,,,,,,,,
MDM2,0.009561958,1.355891588,0.50,0.12,1,HSC_CD34+,MDM2,P56273,Q00987,P23804,,1,,,,,,,,,,,,,,,,
DLGAP5,1.02E-14,0.789261079,0.30,0.03,2.49E-10,iPS_cells,DLGAP5,Q8NG58,,,,2,,,,,,,,,,,,,,,,
SATB2,8.05E-10,0.764267494,0.35,0.05,1.97E-05,iPS_cells,SATB2,Q9UPW6,,,,2,,,,,,,,,,,,,,,,
CENPF,6.30E-08,1.272696681,0.35,0.06,0.001537467,iPS_cells,CENPF,P49454,,,,2,,,,,,,,,,,,,,,,
CENPX,4.16E-06,1.162243694,0.70,0.29,0.101647883,iPS_cells,CENPX,A8MT69,,,,2,,,,,,,,,,,,,,,,
CDX2,9.62E-06,1.279221969,0.35,0.08,0.23484849,iPS_cells,CDX2,Q99626,P43241,,,2,,,,,,,,,,,,,,,,
RPL12,2.68E-05,0.775336795,1.00,0.99,0.655197935,iPS_cells,RPL12,P30050,,,,4,,,,,,,,,,,,,,,,
HMGB3,4.47E-05,0.929980779,0.40,0.12,1,iPS_cells,HMGB3,O15347,O54879,P40618,,4,,,,,,,,,,,,,,,,
KLF5,7.55E-05,0.886484886,0.45,0.15,1,iPS_cells,KLF5,Q9Z0Z7,Q13887,,,3,,,,,,,,,,,,,,,,
SOX9,9.24E-05,1.510280801,0.35,0.11,1,iPS_cells,SOX9,P48436,P48434,,,1,,,,,,,,,,,,,,,,
RPLP0,0.000157237,0.785095771,0.95,0.94,1,iPS_cells,RPLP0,P05388,,,,7,,,,,,,,,,,,,,,,
PTK6,0.000253802,0.768989471,0.35,0.10,1,iPS_cells,PTK6,Q13882,,,,1,,,,,,,,,,,,,,,,
CCNB1,0.000358355,0.873188887,0.25,0.06,1,iPS_cells,CCNB1,P14635,P24860,,,2,,,,,,,,,,,,,,,,
RPL8,0.00058864,0.785168404,0.95,0.98,1,iPS_cells,RPL8,P25120,,,,5,,,,,,,,,,,,,,,,
SOX4,0.000821974,1.695879412,0.50,0.23,1,iPS_cells,SOX4,Q06945,Q06831,,,5,,,,,,,,,,,,,,,,
BUB3,0.00347718,0.995762447,0.60,0.32,1,iPS_cells,BUB3,O43684,Q9WVA3,,,1,,,,,,,,,,,,,,,,
RAD23B,0.005081322,0.824686227,0.50,0.26,1,iPS_cells,RAD23B,P54727,P54728,,,1,,,,,,,,,,,,,,,,
RNASEH2A,0.006372332,0.781739775,0.30,0.12,1,iPS_cells,RNASEH2A,O75792,,,,1,,,,,,,,,,,,,,,,
PAGR1,0.006982496,0.811052971,0.40,0.18,1,iPS_cells,PAGR1,Q9BTK6,,,,1,,,,,,,,,,,,,,,,
TRIM28,0.007374122,0.856579092,0.40,0.18,1,iPS_cells,TRIM28,Q13263,Q62318,,,1,,,,,,,,,,,,,,,,
MCM7,0.009976141,0.990578409,0.30,0.12,1,iPS_cells,MCM7,P33993,Q61881,,,1,,,,,,,,,,,,,,,,
CAPG,0,2.113771728,0.73,0.30,0,Macrophage,CAPG,P40121,P24452,,,5,,,,,,,,,,,,,,,,
MAFB,0,2.065957382,0.73,0.09,0,Macrophage,MAFB,Q9Y5Q3,,,,3,,,,,,,,,,,,,,,,
SPI1,0,1.862842715,0.74,0.08,0,Macrophage,SPI1,P17947,P17433,,,4,,,,,,,,,,,,,,,,
QKI,0,0.773903065,0.50,0.13,0,Macrophage,QKI,Q96PU8,,,,2,,,,,,,,,,,,,,,,
CEBPB,7.21E-301,0.922802023,0.56,0.21,1.76E-296,Macrophage,CEBPB,P17676,,,,3,,,,,,,,,,,,,,,,
LGALS1,3.78E-274,1.062021032,0.91,0.64,9.23E-270,Macrophage,LGALS1,P09382,P16045,,,9,,,,,,,,,,,,,,,,
PRDX1,1.82E-205,1.113941814,0.85,0.67,4.43E-201,Macrophage,PRDX1,Q06830,,,,2,,,,,,,,,,,,,,,,
HIF1A,7.15E-198,0.863384717,0.53,0.23,1.75E-193,Macrophage,HIF1A,Q16665,Q61221,,,2,,,,,,,,,,,,,,,,
KLF1,8.61E-74,0.796675413,0.25,0.00,2.10E-69,MEP,KLF1,Q13351,P46099,,,1,,,,,,,,,,,,,,,,
RFX1,2.28E-05,1.651201238,0.50,0.05,0.556065836,MEP,RFX1,P22670,,,,1,,,,,,,,,,,,,,,,
MYB,5.27E-05,1.787941011,0.50,0.06,1,MEP,MYB,P10242,,,,2,,,,,,,,,,,,,,,,
YEATS4,5.48E-05,2.304403433,0.75,0.14,1,MEP,YEATS4,O95619,,,,1,,,,,,,,,,,,,,,,
PIM1,0.000230967,2.239137088,0.75,0.17,1,MEP,PIM1,P11309,P06803,P26794,,2,,,,,,,,,,,,,,,,
TMEM209,0.000324672,1.620269123,0.50,0.07,1,MEP,TMEM209,Q49A50,,,,1,,,,,,,,,,,,,,,,
CDC5L,0.001206511,2.107141832,0.75,0.18,1,MEP,CDC5L,Q99974,,,,1,,,,,,,,,,,,,,,,
RCC1,0.001216162,1.698719685,0.50,0.08,1,MEP,RCC1,P18754,P25183,,,1,,,,,,,,,,,,,,,,
RPS11,0.00135937,1.24731626,1.00,0.97,1,MEP,RPS11,P04643,,,,2,,,,,,,,,,,,,,,,
RPL12,0.002224243,1.206605906,1.00,0.99,1,MEP,RPL12,P30050,,,,4,,,,,,,,,,,,,,,,
RPS18,0.002903945,1.104161727,1.00,1.00,1,MEP,RPS18,P25232,,,,3,,,,,,,,,,,,,,,,
GATA2,0.003334626,1.166576443,0.25,0.03,1,MEP,GATA2,P23769,O09100,P23824,,3,,,,,,,,,,,,,,,,
RPS17,0.004031167,1.159680027,1.00,0.98,1,MEP,RPS17,P08708,,,,4,,,,,,,,,,,,,,,,
RPS7,0.004195981,1.079392788,1.00,0.97,1,MEP,RPS7,P23821,,,,1,,,,,,,,,,,,,,,,
RPL8,0.006576962,0.941496431,1.00,0.98,1,MEP,RPL8,P25120,,,,5,,,,,,,,,,,,,,,,
HINT1,0.006979545,1.455048422,1.00,0.81,1,MEP,HINT1,P49773,,,,2,,,,,,,,,,,,,,,,
CENPW,0.007455754,2.125623905,0.50,0.12,1,MEP,CENPW,Q5EE01,,,,2,,,,,,,,,,,,,,,,
RPLP0,0.00773883,1.121577833,1.00,0.94,1,MEP,RPLP0,P05388,,,,7,,,,,,,,,,,,,,,,
RPS15,0.00841833,1.02030123,1.00,0.99,1,MEP,RPS15,P11174,,,,1,,,,,,,,,,,,,,,,
SPI1,0,1.973051008,0.75,0.08,0,Monocyte,SPI1,P17947,P17433,,,4,,,,,,,,,,,,,,,,
MAFB,0,1.533044399,0.56,0.10,0,Monocyte,MAFB,Q9Y5Q3,,,,3,,,,,,,,,,,,,,,,
ETS2,4.78E-284,0.998410055,0.56,0.21,1.17E-279,Monocyte,ETS2,P15036,P15037,P10157,,3,,,,,,,,,,,,,,,,
FOS,3.08E-273,1.121995704,0.94,0.70,7.53E-269,Monocyte,FOS,P01100,,,,5,,,,,,,,,,,,,,,,
CEBPB,1.88E-272,1.22240393,0.53,0.21,4.58E-268,Monocyte,CEBPB,P17676,,,,3,,,,,,,,,,,,,,,,
MXD1,5.05E-247,0.817741967,0.31,0.08,1.23E-242,Monocyte,MXD1,Q05195,P50538,,,2,,,,,,,,,,,,,,,,
NUP214,5.94E-224,0.750398684,0.31,0.09,1.45E-219,Monocyte,NUP214,P35658,,,,1,,,,,,,,,,,,,,,,
NR4A2,1.31E-205,0.803697836,0.49,0.19,3.19E-201,Monocyte,NR4A2,P43354,Q06219,,,4,,,,,,,,,,,,,,,,
ZFP36,1.06E-177,0.794444149,0.86,0.61,2.58E-173,Monocyte,ZFP36,P26651,,,,5,,,,,,,,,,,,,,,,
CAPG,2.23E-171,0.946911361,0.58,0.31,5.46E-167,Monocyte,CAPG,P40121,P24452,,,5,,,,,,,,,,,,,,,,
HIF1A,1.63E-129,0.876499599,0.47,0.23,3.97E-125,Monocyte,HIF1A,Q16665,Q61221,,,2,,,,,,,,,,,,,,,,
CDKN1A,2.12E-114,0.768208818,0.39,0.18,5.17E-110,Monocyte,CDKN1A,P38936,,,,1,,,,,,,,,,,,,,,,
ANLN,1.82E-100,1.241009064,0.56,0.03,4.44E-96,MSC,ANLN,Q9NQW6,,,,1,,,,,,,,,,,,,,,,
NUSAP1,3.76E-83,1.517059872,0.74,0.06,9.17E-79,MSC,NUSAP1,Q9GZM9,,,,1,,,,,,,,,,,,,,,,
NUF2,8.37E-80,0.978598676,0.56,0.03,2.04E-75,MSC,NUF2,Q9BZD4,,,,1,,,,,,,,,,,,,,,,
DLGAP5,9.34E-74,0.786120887,0.47,0.03,2.28E-69,MSC,DLGAP5,Q8NG58,,,,2,,,,,,,,,,,,,,,,
TPX2,6.74E-59,1.128809333,0.58,0.05,1.65E-54,MSC,TPX2,Q9ULW0,,,,1,,,,,,,,,,,,,,,,
CENPE,2.25E-53,1.006408809,0.44,0.03,5.49E-49,MSC,CENPE,Q02224,,,,1,,,,,,,,,,,,,,,,
CENPF,4.94E-53,1.774753316,0.61,0.06,1.21E-48,MSC,CENPF,P49454,,,,2,,,,,,,,,,,,,,,,
MKI67,4.58E-52,1.714172506,0.63,0.07,1.12E-47,MSC,MKI67,Q61769,P46013,,,2,,,,,,,,,,,,,,,,
AURKB,8.64E-43,0.923188078,0.44,0.04,2.11E-38,MSC,AURKB,O60446,,,,2,,,,,,,,,,,,,,,,
PLK1,2.03E-41,0.847159568,0.42,0.04,4.95E-37,MSC,PLK1,P53350,,,,1,,,,,,,,,,,,,,,,
CENPA,7.82E-40,0.752356314,0.40,0.03,1.91E-35,MSC,CENPA,P49450,,,,2,,,,,,,,,,,,,,,,
CDC20,2.47E-39,1.269553559,0.51,0.06,6.03E-35,MSC,CDC20,Q12834,,,,1,,,,,,,,,,,,,,,,
UBE2T,1.30E-37,1.298168068,0.61,0.08,3.17E-33,MSC,UBE2T,Q9NPD8,,,,2,,,,,,,,,,,,,,,,
LOXL2,1.62E-33,1.286572185,0.51,0.06,3.95E-29,MSC,LOXL2,Q9Y4K0,,,,3,,,,,,,,,,,,,,,,
CENPN,2.05E-33,0.862581845,0.51,0.07,5.00E-29,MSC,CENPN,Q9NZ83,,,,1,,,,,,,,,,,,,,,,
PCLAF,4.43E-30,2.050793797,0.74,0.16,1.08E-25,MSC,PCLAF,Q15004,,,,4,,,,,,,,,,,,,,,,
MAD2L1,4.13E-28,1.172920592,0.56,0.09,1.01E-23,MSC,MAD2L1,Q13257,Q9Z1B5,,,2,,,,,,,,,,,,,,,,
CSRP2,9.43E-28,0.890762651,0.49,0.07,2.30E-23,MSC,CSRP2,Q16527,,,,2,,,,,,,,,,,,,,,,
CENPW,2.99E-27,1.219763541,0.63,0.12,7.30E-23,MSC,CENPW,Q5EE01,,,,2,,,,,,,,,,,,,,,,
CCNB1,1.20E-26,1.138616523,0.44,0.06,2.93E-22,MSC,CCNB1,P14635,P24860,,,2,,,,,,,,,,,,,,,,
SMC2,1.43E-24,0.972646091,0.58,0.11,3.50E-20,MSC,SMC2,O95347,,,,1,,,,,,,,,,,,,,,,
LGALS1,4.48E-23,2.765749458,0.98,0.65,1.09E-18,MSC,LGALS1,P09382,P16045,,,9,,,,,,,,,,,,,,,,
PHF19,6.66E-22,0.887402723,0.49,0.09,1.62E-17,MSC,PHF19,Q5T6S3,,,,1,,,,,,,,,,,,,,,,
KPNA2,1.55E-19,1.522037532,0.63,0.17,3.78E-15,MSC,KPNA2,P52292,P52293,,,1,,,,,,,,,,,,,,,,
RRM1,3.85E-19,0.82376968,0.49,0.10,9.39E-15,MSC,RRM1,P23921,,,,1,,,,,,,,,,,,,,,,
HMGB3,6.50E-18,0.911197139,0.51,0.12,1.59E-13,MSC,HMGB3,O15347,O54879,P40618,,4,,,,,,,,,,,,,,,,
SKA2,1.39E-16,1.120784426,0.63,0.18,3.38E-12,MSC,SKA2,Q8WVK7,,,,1,,,,,,,,,,,,,,,,
SMC4,2.09E-16,1.587881974,0.63,0.20,5.11E-12,MSC,SMC4,O95752,,,,1,,,,,,,,,,,,,,,,
VIM,9.86E-16,1.714129087,0.95,0.70,2.41E-11,MSC,VIM,P08670,,,,8,,,,,,,,,,,,,,,,
HSPB1,4.53E-14,1.390764497,0.95,0.61,1.11E-09,MSC,HSPB1,P04792,P14602,,,6,,,,,,,,,,,,,,,,
CSRP1,5.76E-14,1.294563797,0.70,0.25,1.41E-09,MSC,CSRP1,P21291,P47875,P32965,,6,,,,,,,,,,,,,,,,
HMGB2,1.37E-13,1.370115724,0.77,0.36,3.34E-09,MSC,HMGB2,P26583,P30681,P52925,P26584,2,,,,,,,,,,,,,,,,
MORF4L2,1.56E-12,1.206034866,0.79,0.40,3.81E-08,MSC,MORF4L2,Q15014,,,,1,,,,,,,,,,,,,,,,
DYNLL1,2.72E-12,1.397573718,0.93,0.69,6.65E-08,MSC,DYNLL1,P63167,,,,1,,,,,,,,,,,,,,,,
ANP32E,1.15E-11,0.811499614,0.58,0.18,2.82E-07,MSC,ANP32E,Q9BTT0,,,,1,,,,,,,,,,,,,,,,
ID3,7.38E-11,1.244578576,0.67,0.29,1.80E-06,MSC,ID3,Q02535,,,,5,,,,,,,,,,,,,,,,
FLNA,9.49E-11,1.338905859,0.67,0.29,2.32E-06,MSC,FLNA,P21333,,,,4,,,,,,,,,,,,,,,,
HMGB1,1.11E-10,1.140897982,0.91,0.83,2.72E-06,MSC,HMGB1,P09429,P07155,,,3,,,,,,,,,,,,,,,,
HMG20B,8.82E-10,0.864113905,0.58,0.23,2.15E-05,MSC,HMG20B,Q9Z104,Q9P0W2,,,1,,,,,,,,,,,,,,,,
NR2F2,1.04E-09,0.854036703,0.47,0.15,2.55E-05,MSC,NR2F2,P24468,,,,4,,,,,,,,,,,,,,,,
HNRNPA2B1,1.31E-09,0.89991481,0.91,0.75,3.20E-05,MSC,HNRNPA2B1,P22626,,,,1,,,,,,,,,,,,,,,,
GAPDH,3.11E-09,0.874537188,0.95,0.93,7.60E-05,MSC,GAPDH,P04406,,,,4,,,,,,,,,,,,,,,,
HMGN2,1.41E-08,1.330517555,0.79,0.59,0.000344895,MSC,HMGN2,P05204,P09602,P18437,P02314,2,,,,,,,,,,,,,,,,
RHEB,9.88E-08,0.904089055,0.72,0.43,0.002411348,MSC,RHEB,Q9ESR1,Q15382,Q62639,,2,,,,,,,,,,,,,,,,
RAN,4.41E-07,0.843220217,0.81,0.62,0.010771084,MSC,RAN,P17080,,,,1,,,,,,,,,,,,,,,,
P4HB,7.14E-07,1.014334942,0.72,0.52,0.017429541,MSC,P4HB,P07237,P09103,,,1,,,,,,,,,,,,,,,,
LMNA,9.94E-07,1.155115768,0.70,0.44,0.024255959,MSC,LMNA,P48678,P02545,P11516,P13648,7,,,,,,,,,,,,,,,,
CBX3,1.45E-06,0.815053908,0.74,0.43,0.035473926,MSC,CBX3,Q13185,P23198,,,1,,,,,,,,,,,,,,,,
DEK,1.89E-06,0.794012846,0.70,0.43,0.046137991,MSC,DEK,P35659,,,,1,,,,,,,,,,,,,,,,
ENO1,4.22E-06,0.755358734,0.86,0.64,0.103096667,MSC,ENO1,P22712,,,,1,,,,,,,,,,,,,,,,
MORF4L1,6.57E-06,0.833025618,0.86,0.63,0.160483709,MSC,MORF4L1,Q9UBU8,,,,3,,,,,,,,,,,,,,,,
RTN4,2.17E-05,0.77700063,0.74,0.49,0.52868574,MSC,RTN4,Q9JK11,Q9NQC3,,,5,,,,,,,,,,,,,,,,
CRYAB,0,5.050703053,0.96,0.10,0,Neurons,CRYAB,P02511,,,,4,,,,,,,,,,,,,,,,
SOX2,0,2.192679532,0.44,0.00,0,Neurons,SOX2,P48431,P48432,P48430,,2,,,,,,,,,,,,,,,,
SOX10,0,1.369069865,0.28,0.00,0,Neurons,SOX10,P56693,Q04888,O55170,Q9W757,2,,,,,,,,,,,,,,,,
LGALS1,8.84E-178,1.900627494,0.99,0.65,2.16E-173,Neurons,LGALS1,P09382,P16045,,,9,,,,,,,,,,,,,,,,
VIM,1.00E-175,2.03726688,0.98,0.70,2.44E-171,Neurons,VIM,P08670,,,,8,,,,,,,,,,,,,,,,
DST,3.42E-151,2.161650491,0.62,0.20,8.34E-147,Neurons,DST,Q03001,,,,4,,,,,,,,,,,,,,,,
ERBB3,1.77E-135,1.862937888,0.48,0.12,4.31E-131,Neurons,ERBB3,P21860,,,,4,,,,,,,,,,,,,,,,
CSRP1,5.87E-89,1.703343832,0.56,0.24,1.43E-84,Neurons,CSRP1,P21291,P47875,P32965,,6,,,,,,,,,,,,,,,,
ZBTB20,4.94E-83,1.661498145,0.64,0.33,1.21E-78,Neurons,ZBTB20,Q9HC78,,,,4,,,,,,,,,,,,,,,,
HES1,1.15E-61,1.724380547,0.32,0.10,2.80E-57,Neurons,HES1,Q14469,P35428,Q04666,O57337,3,,,,,,,,,,,,,,,,
RHEB,7.48E-53,1.491175494,0.61,0.43,1.83E-48,Neurons,RHEB,Q9ESR1,Q15382,Q62639,,2,,,,,,,,,,,,,,,,
LMNA,1.61E-51,1.337006308,0.66,0.44,3.92E-47,Neurons,LMNA,P48678,P02545,P11516,P13648,7,,,,,,,,,,,,,,,,
SBDS,5.73E-48,1.448602118,0.57,0.39,1.40E-43,Neurons,SBDS,Q9Y3A5,,,,1,,,,,,,,,,,,,,,,
NABP1,2.78E-44,1.700716474,0.88,0.64,6.79E-40,Neurons,NABP1,Q96AH0,,,,1,,,,,,,,,,,,,,,,
SOX4,2.27E-43,1.672546337,0.44,0.22,5.54E-39,Neurons,SOX4,Q06945,Q06831,,,5,,,,,,,,,,,,,,,,
QKI,7.04E-43,1.218631641,0.35,0.15,1.72E-38,Neurons,QKI,Q96PU8,,,,2,,,,,,,,,,,,,,,,
MORF4L1,3.07E-35,1.00358113,0.68,0.63,7.48E-31,Neurons,MORF4L1,Q9UBU8,,,,3,,,,,,,,,,,,,,,,
POLR2F,2.39E-34,1.300008939,0.55,0.42,5.83E-30,Neurons,POLR2F,P41584,O88828,,,1,,,,,,,,,,,,,,,,
KLF6,2.46E-34,0.876125598,0.72,0.60,6.01E-30,Neurons,KLF6,Q99612,O08584,O35819,,2,,,,,,,,,,,,,,,,
YWHAE,2.66E-31,1.09134569,0.60,0.52,6.49E-27,Neurons,YWHAE,P62258,,,,1,,,,,,,,,,,,,,,,
JUN,2.13E-29,0.776589392,0.80,0.71,5.20E-25,Neurons,JUN,P05412,,,,2,,,,,,,,,,,,,,,,
RTN4,3.75E-27,0.939871685,0.60,0.49,9.15E-23,Neurons,RTN4,Q9JK11,Q9NQC3,,,5,,,,,,,,,,,,,,,,
BRIP1,1.64E-26,1.286167597,0.57,0.44,3.99E-22,Neurons,BRIP1,Q9BX63,,,,1,,,,,,,,,,,,,,,,
GTF2H5,6.21E-26,1.219131421,0.48,0.36,1.52E-21,Neurons,GTF2H5,Q6ZYL4,,,,1,,,,,,,,,,,,,,,,
ZMAT3,6.30E-21,1.64058208,0.40,0.28,1.54E-16,Neurons,ZMAT3,Q96A21,O54836,,,1,,,,,,,,,,,,,,,,
AHR,9.15E-21,0.985205787,0.29,0.16,2.23E-16,Neurons,AHR,P35869,,,,2,,,,,,,,,,,,,,,,
CXXC5,2.12E-17,1.034751045,0.30,0.18,5.17E-13,Neurons,CXXC5,Q7LFL8,,,,1,,,,,,,,,,,,,,,,
KLF9,1.21E-16,0.929258551,0.26,0.15,2.96E-12,Neurons,KLF9,Q13886,O35739,Q01713,,2,,,,,,,,,,,,,,,,
RAC1,2.97E-16,0.988426991,0.53,0.48,7.26E-12,Neurons,RAC1,P63000,,,,2,,,,,,,,,,,,,,,,
SON,1.50E-14,0.803393605,0.59,0.59,3.66E-10,Neurons,SON,P18583,Q9QX47,,,1,,,,,,,,,,,,,,,,
PPP1R12A,1.71E-14,1.087607306,0.38,0.29,4.17E-10,Neurons,PPP1R12A,Q10728,O14974,,,1,,,,,,,,,,,,,,,,
RRP12,8.33E-14,1.210893081,0.41,0.32,2.03E-09,Neurons,RRP12,Q5JTH9,,,,1,,,,,,,,,,,,,,,,
HMGN3,1.51E-11,0.915252598,0.45,0.41,3.68E-07,Neurons,HMGN3,Q9DCB1,,,,1,,,,,,,,,,,,,,,,
NR1I3,2.35E-10,1.0363393,0.27,0.18,5.73E-06,Neurons,NR1I3,Q4U0F0,,,,1,,,,,,,,,,,,,,,,
AKAP9,4.89E-06,0.863627543,0.38,0.37,0.119366214,Neurons,AKAP9,A4D1F2,,,,1,,,,,,,,,,,,,,,,
KPNA5,5.29E-06,0.791442635,0.34,0.30,0.129094066,Neurons,KPNA5,O15131,,,,1,,,,,,,,,,,,,,,,
MLX,0.000146389,1.0051584,0.41,0.43,1,Neurons,MLX,Q9UH92,,,,1,,,,,,,,,,,,,,,,
UBE2B,0.000351662,0.8003156,0.38,0.40,1,Neurons,UBE2B,P23567,Q9D0J6,,,1,,,,,,,,,,,,,,,,
IVNS1ABP,1.54E-05,2.507066097,0.45,0.20,0.377188149,Neutrophils,IVNS1ABP,Q9Y480,,,,1,,,,,,,,,,,,,,,,
PPIF,3.53E-05,3.029994177,0.35,0.13,0.861011517,Neutrophils,PPIF,P30405,Q99KR7,P29117,,1,,,,,,,,,,,,,,,,
CEBPB,6.69E-05,1.703578292,0.45,0.22,1,Neutrophils,CEBPB,P17676,,,,3,,,,,,,,,,,,,,,,
MXD1,7.67E-05,2.129566285,0.28,0.09,1,Neutrophils,MXD1,Q05195,P50538,,,2,,,,,,,,,,,,,,,,
ETS2,0.000124734,1.537425815,0.45,0.23,1,Neutrophils,ETS2,P15036,P15037,P10157,,3,,,,,,,,,,,,,,,,
NFKB1,0.000337027,1.444150592,0.31,0.12,1,Neutrophils,NFKB1,P19838,P25799,,,1,,,,,,,,,,,,,,,,
FOS,0.000414305,1.737399177,0.79,0.71,1,Neutrophils,FOS,P01100,,,,5,,,,,,,,,,,,,,,,
ZFP36,0.000460367,1.350632458,0.69,0.62,1,Neutrophils,ZFP36,P26651,,,,5,,,,,,,,,,,,,,,,
SPI1,0.001302932,1.088243993,0.28,0.11,1,Neutrophils,SPI1,P17947,P17433,,,4,,,,,,,,,,,,,,,,
EGR1,0.003553986,1.564851736,0.45,0.29,1,Neutrophils,EGR1,P18146,P08046,P08154,,5,,,,,,,,,,,,,,,,
HOPX,0,2.006826052,0.54,0.11,0,NK_cell,HOPX,Q9BPY8,,,,1,,,,,,,,,,,,,,,,
ID2,1.84E-194,1.719066713,0.76,0.42,4.50E-190,NK_cell,ID2,Q02363,,,,3,,,,,,,,,,,,,,,,
RUNX3,4.01E-78,0.895378766,0.28,0.10,9.80E-74,NK_cell,RUNX3,Q13761,Q64131,,,1,,,,,,,,,,,,,,,,
IKZF1,2.63E-64,0.881568971,0.41,0.20,6.42E-60,NK_cell,IKZF1,Q13422,Q03267,O42410,,2,,,,,,,,,,,,,,,,
NR4A2,2.69E-64,1.341519115,0.39,0.20,6.56E-60,NK_cell,NR4A2,P43354,Q06219,,,4,,,,,,,,,,,,,,,,
ZFP36,2.28E-47,0.910880945,0.71,0.62,5.57E-43,NK_cell,ZFP36,P26651,,,,5,,,,,,,,,,,,,,,,
CELF2,7.40E-40,0.881197258,0.42,0.27,1.81E-35,NK_cell,CELF2,Q92950,,,,2,,,,,,,,,,,,,,,,
PIM1,4.98E-21,0.767210936,0.26,0.16,1.22E-16,NK_cell,PIM1,P11309,P06803,P26794,,2,,,,,,,,,,,,,,,,
IRF1,5.71E-15,0.801434323,0.39,0.34,1.39E-10,NK_cell,IRF1,P10914,P15314,P23570,Q90876,1,,,,,,,,,,,,,,,,
XBP1,8.24E-14,1.386602055,0.64,0.44,2.01E-09,Pre-B_cell_CD34-,XBP1,P17861,,,,2,,,,,,,,,,,,,,,,
IRF7,0.000149832,1.369360941,0.28,0.17,1,Pre-B_cell_CD34-,IRF7,Q92985,P70434,,,1,,,,,,,,,,,,,,,,
RPL8,8.31E-07,1.106677604,1.00,0.98,0.020290589,Pro-Myelocyte,RPL8,P25120,,,,5,,,,,,,,,,,,,,,,
RPS18,3.34E-06,1.055089575,1.00,1.00,0.081658056,Pro-Myelocyte,RPS18,P25232,,,,3,,,,,,,,,,,,,,,,
RPL12,0.000539474,0.838550012,1.00,0.99,1,Pro-Myelocyte,RPL12,P30050,,,,4,,,,,,,,,,,,,,,,
RPL35,0.000793516,1.086812811,1.00,0.98,1,Pro-Myelocyte,RPL35,P42766,,,,3,,,,,,,,,,,,,,,,
RPLP0,0.0007969,0.911212587,0.90,0.94,1,Pro-Myelocyte,RPLP0,P05388,,,,7,,,,,,,,,,,,,,,,
HMGB3,0.002569753,1.243577405,0.30,0.12,1,Pro-Myelocyte,HMGB3,O15347,O54879,P40618,,4,,,,,,,,,,,,,,,,
HMGB1,0.004842621,1.213641556,0.80,0.83,1,Pro-Myelocyte,HMGB1,P09429,P07155,,,3,,,,,,,,,,,,,,,,
PPIA,0.004989349,1.183155735,0.80,0.80,1,Pro-Myelocyte,PPIA,P05092,,,,3,,,,,,,,,,,,,,,,
RPS17,0.009953323,0.782291757,1.00,0.98,1,Pro-Myelocyte,RPS17,P08708,,,,4,,,,,,,,,,,,,,,,
CEBPD,0,1.672769575,0.60,0.19,0,Smooth_muscle_cells,CEBPD,P49716,,,,4,,,,,,,,,,,,,,,,
LGALS1,0,1.474527144,0.99,0.64,0,Smooth_muscle_cells,LGALS1,P09382,P16045,,,9,,,,,,,,,,,,,,,,
SCARA5,0,1.432670888,0.45,0.03,0,Smooth_muscle_cells,SCARA5,Q6ZMJ2,,,,2,,,,,,,,,,,,,,,,
PBX1,0,1.306446346,0.63,0.13,0,Smooth_muscle_cells,PBX1,P40424,,,,4,,,,,,,,,,,,,,,,
NOVA1,0,1.253260635,0.51,0.05,0,Smooth_muscle_cells,NOVA1,P51513,,,,4,,,,,,,,,,,,,,,,
VIM,0,1.226671786,0.98,0.69,0,Smooth_muscle_cells,VIM,P08670,,,,8,,,,,,,,,,,,,,,,
SNAI2,0,1.213970819,0.48,0.07,0,Smooth_muscle_cells,SNAI2,O43623,,,,4,,,,,,,,,,,,,,,,
ZBTB16,0,1.151479076,0.47,0.09,0,Smooth_muscle_cells,ZBTB16,Q05516,,,,3,,,,,,,,,,,,,,,,
NDN,0,1.015571276,0.49,0.08,0,Smooth_muscle_cells,NDN,Q99608,P25233,,,3,,,,,,,,,,,,,,,,
DST,0,0.97827118,0.57,0.19,0,Smooth_muscle_cells,DST,Q03001,,,,4,,,,,,,,,,,,,,,,
EBF1,0,0.949369994,0.40,0.06,0,Smooth_muscle_cells,EBF1,Q9UH73,Q07802,Q63398,,1,,,,,,,,,,,,,,,,
RUNX1T1,0,0.77424521,0.34,0.05,0,Smooth_muscle_cells,RUNX1T1,Q06455,,,,1,,,,,,,,,,,,,,,,
LMNA,4.43E-282,0.991202648,0.81,0.42,1.08E-277,Smooth_muscle_cells,LMNA,P48678,P02545,P11516,P13648,7,,,,,,,,,,,,,,,,
ZBTB20,4.03E-274,0.947456686,0.70,0.32,9.85E-270,Smooth_muscle_cells,ZBTB20,Q9HC78,,,,4,,,,,,,,,,,,,,,,
EGR1,6.61E-274,1.420872462,0.63,0.28,1.61E-269,Smooth_muscle_cells,EGR1,P18146,P08046,P08154,,5,,,,,,,,,,,,,,,,
NR2F2,1.48E-254,0.920603995,0.42,0.13,3.60E-250,Smooth_muscle_cells,NR2F2,P24468,,,,4,,,,,,,,,,,,,,,,
RTN4,9.20E-207,0.853820269,0.77,0.48,2.25E-202,Smooth_muscle_cells,RTN4,Q9JK11,Q9NQC3,,,5,,,,,,,,,,,,,,,,
MYC,7.80E-127,0.891810387,0.45,0.22,1.90E-122,Smooth_muscle_cells,MYC,P01106,P01108,,,1,,,,,,,,,,,,,,,,
ZFP36,1.72E-113,0.900211164,0.80,0.61,4.21E-109,Smooth_muscle_cells,ZFP36,P26651,,,,5,,,,,,,,,,,,,,,,
JUN,3.78E-112,0.789917327,0.87,0.70,9.24E-108,Smooth_muscle_cells,JUN,P05412,,,,2,,,,,,,,,,,,,,,,
FOS,4.28E-64,0.873628099,0.77,0.70,1.04E-59,Smooth_muscle_cells,FOS,P01100,,,,5,,,,,,,,,,,,,,,,
ID2,0,1.549250776,0.57,0.39,0,T_cells,ID2,Q02363,,,,3,,,,,,,,,,,,,,,,
BCL11B,0,1.454977029,0.38,0.05,0,T_cells,BCL11B,Q9C0K0,,,,1,,,,,,,,,,,,,,,,
IKZF1,0,1.353580731,0.47,0.12,0,T_cells,IKZF1,Q13422,Q03267,O42410,,2,,,,,,,,,,,,,,,,
STK4,0,1.275935076,0.55,0.31,0,T_cells,STK4,Q13043,,,,1,,,,,,,,,,,,,,,,
ETS1,0,1.203556029,0.41,0.14,0,T_cells,ETS1,P14921,P27577,P41156,,2,,,,,,,,,,,,,,,,
IKZF3,0,1.074354194,0.46,0.29,0,T_cells,IKZF3,Q9UKT9,,,,1,,,,,,,,,,,,,,,,
KLF6,0,1.008442741,0.70,0.57,0,T_cells,KLF6,Q99612,O08584,O35819,,2,,,,,,,,,,,,,,,,
RPS29,0,0.933716198,0.96,0.95,0,T_cells,RPS29,P30054,,,,1,,,,,,,,,,,,,,,,
CELF2,0,0.912796945,0.40,0.23,0,T_cells,CELF2,Q92950,,,,2,,,,,,,,,,,,,,,,
JUNB,0,0.889724276,0.75,0.69,0,T_cells,JUNB,P17275,,,,2,,,,,,,,,,,,,,,,
DDX5,0,0.787677293,0.83,0.78,0,T_cells,DDX5,P17844,,,,1,,,,,,,,,,,,,,,,
CCND3,6.57E-271,0.776937776,0.32,0.19,1.60E-266,T_cells,CCND3,P30281,,,,1,,,,,,,,,,,,,,,,
SYNE2,2.33E-221,0.88366651,0.40,0.30,5.68E-217,T_cells,SYNE2,Q8WXH0,,,,1,,,,,,,,,,,,,,,,
SRSF7,1.25E-212,0.808176473,0.54,0.51,3.05E-208,T_cells,SRSF7,Q16629,,,,1,,,,,,,,,,,,,,,,
DDX24,2.51E-212,0.804510498,0.50,0.45,6.14E-208,T_cells,DDX24,Q9GZR7,,,,2,,,,,,,,,,,,,,,,
ELF1,3.68E-159,0.753715962,0.43,0.37,8.99E-155,T_cells,ELF1,P32519,,,,2,,,,,,,,,,,,,,,,
HMGB2,1.38E-144,0.750437848,0.42,0.34,3.37E-140,T_cells,HMGB2,P26583,P30681,P52925,P26584,2,,,,,,,,,,,,,,,,
RBPJ,1.25E-66,0.839751188,0.35,0.33,3.06E-62,T_cells,RBPJ,Q06330,,,,1,,,,,,,,,,,,,,,,
LGALS1,0,1.64083842,0.98,0.63,0,Tissue_stem_cells,LGALS1,P09382,P16045,,,9,,,,,,,,,,,,,,,,
CSRP2,0,1.637388525,0.39,0.05,0,Tissue_stem_cells,CSRP2,Q16527,,,,2,,,,,,,,,,,,,,,,
FLNA,0,1.56258004,0.66,0.27,0,Tissue_stem_cells,FLNA,P21333,,,,4,,,,,,,,,,,,,,,,
ID3,0,1.548943018,0.60,0.27,0,Tissue_stem_cells,ID3,Q02535,,,,5,,,,,,,,,,,,,,,,
CSRP1,0,1.50507478,0.55,0.23,0,Tissue_stem_cells,CSRP1,P21291,P47875,P32965,,6,,,,,,,,,,,,,,,,
EGR1,0,1.425696122,0.62,0.28,0,Tissue_stem_cells,EGR1,P18146,P08046,P08154,,5,,,,,,,,,,,,,,,,
VIM,0,1.366115469,0.96,0.69,0,Tissue_stem_cells,VIM,P08670,,,,8,,,,,,,,,,,,,,,,
HSPB1,0,1.303142245,0.89,0.59,0,Tissue_stem_cells,HSPB1,P04792,P14602,,,6,,,,,,,,,,,,,,,,
NR2F2,0,1.275082968,0.46,0.13,0,Tissue_stem_cells,NR2F2,P24468,,,,4,,,,,,,,,,,,,,,,
CRYAB,0,1.233700241,0.48,0.09,0,Tissue_stem_cells,CRYAB,P02511,,,,4,,,,,,,,,,,,,,,,
SNAI2,0,0.981382166,0.40,0.07,0,Tissue_stem_cells,SNAI2,O43623,,,,4,,,,,,,,,,,,,,,,
EPAS1,0,0.935213393,0.45,0.12,0,Tissue_stem_cells,EPAS1,Q99814,P97481,,,2,,,,,,,,,,,,,,,,
LOXL2,0,0.874172895,0.32,0.05,0,Tissue_stem_cells,LOXL2,Q9Y4K0,,,,3,,,,,,,,,,,,,,,,
KLF9,0,0.835614616,0.43,0.13,0,Tissue_stem_cells,KLF9,Q13886,O35739,Q01713,,2,,,,,,,,,,,,,,,,
FBXO32,1.40E-289,0.832209699,0.32,0.09,3.42E-285,Tissue_stem_cells,FBXO32,Q969P5,,,,1,,,,,,,,,,,,,,,,
LMNA,1.28E-287,0.951917449,0.77,0.42,3.11E-283,Tissue_stem_cells,LMNA,P48678,P02545,P11516,P13648,7,,,,,,,,,,,,,,,,
CEBPD,8.87E-255,1.272259441,0.47,0.19,2.17E-250,Tissue_stem_cells,CEBPD,P49716,,,,4,,,,,,,,,,,,,,,,
DST,6.16E-251,0.825714549,0.48,0.19,1.51E-246,Tissue_stem_cells,DST,Q03001,,,,4,,,,,,,,,,,,,,,,
ZBTB16,7.24E-208,0.881455068,0.31,0.10,1.77E-203,Tissue_stem_cells,ZBTB16,Q05516,,,,3,,,,,,,,,,,,,,,,
YBX3,7.90E-180,0.78166851,0.52,0.26,1.93E-175,Tissue_stem_cells,YBX3,P16989,,,,2,,,,,,,,,,,,,,,,
FHL2,2.18E-169,0.80317457,0.46,0.22,5.32E-165,Tissue_stem_cells,FHL2,Q14192,O70433,,,1,,,,,,,,,,,,,,,,
SOX4,4.13E-166,0.768246603,0.46,0.21,1.01E-161,Tissue_stem_cells,SOX4,Q06945,Q06831,,,5,,,,,,,,,,,,,,,,
JUNB,5.29E-131,0.80704468,0.84,0.70,1.29E-126,Tissue_stem_cells,JUNB,P17275,,,,2,,,,,,,,,,,,,,,,
FOS,4.97E-117,0.944079607,0.83,0.70,1.21E-112,Tissue_stem_cells,FOS,P01100,,,,5,,,,,,,,,,,,,,,,
LGALS3,0,1.483845288,0.91,0.53,0,Tumour_Cells,LGALS3,P17931,P47845,,,4,,,,,,,,,,,,,,,,
KLF5,0,0.967944552,0.55,0.12,0,Tumour_Cells,KLF5,Q9Z0Z7,Q13887,,,3,,,,,,,,,,,,,,,,
HMGA1,0,0.794739923,0.61,0.27,0,Tumour_Cells,HMGA1,P17096,Q924L8,,,2,,,,,,,,,,,,,,,,
ERBB3,0,0.777988305,0.49,0.10,0,Tumour_Cells,ERBB3,P21860,,,,4,,,,,,,,,,,,,,,,
GAPDH,0,0.775715261,0.99,0.92,0,Tumour_Cells,GAPDH,P04406,,,,4,,,,,,,,,,,,,,,,
PPIA,8.38E-287,0.913019497,0.93,0.79,2.04E-282,Tumour_Cells,PPIA,P05092,,,,3,,,,,,,,,,,,,,,,
NTHL1,3.18E-282,0.768460929,0.38,0.14,7.77E-278,Tumour_Cells,NTHL1,P78549,,,,1,,,,,,,,,,,,,,,,
HSPB1,5.79E-205,0.800072166,0.81,0.59,1.41E-200,Tumour_Cells,HSPB1,P04792,P14602,,,6,,,,,,,,,,,,,,,,
EIF5A,9.78E-163,0.759489838,0.61,0.41,2.39E-158,Tumour_Cells,EIF5A,P10159,,,,1,,,,,,,,,,,,,,,,
,,,,,,,,,,,,,,,,,,,,,,,,,,,,
,,,,,,,,,,,,,,,,,,,,,,,,,,,,
Only Unique,,,,,,,,,,,,,,,,,,,,,,,,,,,,
Gene,p_val,avg_log2FC,pct.1,pct.2,p_val_adj,Cluster,Protein(s),,,,,,,,,,,,,,,,,,,,,
TBX3,7.09E-08,2.029548075,0.43,0.04,0.001731314,Astrocyte,O15119,,,,,,,,,,,,,,,,,,,,,
TET1,3.43E-06,1.333449096,0.29,0.02,0.083703144,Astrocyte,Q8NFU7,,,,,,,,,,,,,,,,,,,,,
KHDRBS3,2.36E-05,1.229019318,0.29,0.03,0.575333996,Astrocyte,O75525,,,,,,,,,,,,,,,,,,,,,
PHAX,0.001177828,1.899480554,0.57,0.19,1,Astrocyte,Q9H814,,,,,,,,,,,,,,,,,,,,,
PPP4R2,0.00149765,1.917369243,0.57,0.2,1,Astrocyte,Q9NY27,,,,,,,,,,,,,,,,,,,,,
NUP133,0.005168036,1.430884624,0.29,0.06,1,Astrocyte,Q8WUM0,,,,,,,,,,,,,,,,,,,,,
POLH,0.007537591,1.282601043,0.43,0.12,1,Astrocyte,"O75417, Q9Y253",,,,,,,,,,,,,,,,,,,,,
RPS6KA5,0.008539863,1.200486356,0.71,0.36,1,Astrocyte,O75582,,,,,,,,,,,,,,,,,,,,,
PAXBP1,0.00886233,1.518859893,0.29,0.06,1,Astrocyte,Q9Y5B6,,,,,,,,,,,,,,,,,,,,,
SEC11C,0,1.19706502,0.59,0.3,0,B_cell,Q9BY50,,,,,,,,,,,,,,,,,,,,,
POU2AF1,0,1.04649978,0.48,0.02,0,B_cell,Q16633,,,,,,,,,,,,,,,,,,,,,
IRF8,0,1.040358447,0.25,0.09,0,B_cell,Q02556,,,,,,,,,,,,,,,,,,,,,
POU2F2,0,0.999615275,0.38,0.08,0,B_cell,P09086,,,,,,,,,,,,,,,,,,,,,
RPL9P7,4.03E-09,1.402314869,0.67,0.04,9.84E-05,BM,Q8NCD3,,,,,,,,,,,,,,,,,,,,,
HJURP,3.41E-05,1.873137745,0.33,0.02,0.833529177,BM,P10244,,,,,,,,,,,,,,,,,,,,,
MYBL2,0.004423162,1.832460516,0.33,0.04,1,BM,P62829,,,,,,,,,,,,,,,,,,,,,
RPL23,0.004815528,1.315802361,1,0.95,1,BM,P56524,,,,,,,,,,,,,,,,,,,,,
HDAC4,0.007139792,1.849974681,0.33,0.04,1,BM,P13693,,,,,,,,,,,,,,,,,,,,,
TPT1,0.007211682,1.373864608,1,0.99,1,BM,Q71F23,,,,,,,,,,,,,,,,,,,,,
CENPU,1.56E-08,1.825671923,0.5,0.04,0.000380081,BM & Prog.,Q96B01,,,,,,,,,,,,,,,,,,,,,
RAD51AP1,0.000394769,1.577449991,0.33,0.05,1,BM & Prog.,P62424,,,,,,,,,,,,,,,,,,,,,
RPL7A,0.00051631,1.256306942,1,0.97,1,BM & Prog.,Q9Y248,,,,,,,,,,,,,,,,,,,,,
GINS2,0.000915975,1.220333997,0.33,0.05,1,BM & Prog.,Q9Y4Z0,,,,,,,,,,,,,,,,,,,,,
LSM4,0.001000928,1.612172066,0.83,0.39,1,BM & Prog.,Q9Y4Y9,,,,,,,,,,,,,,,,,,,,,
LSM5,0.001542135,1.405085458,0.83,0.44,1,BM & Prog.,Q9H9T3,,,,,,,,,,,,,,,,,,,,,
ELP3,0.001876765,1.421316806,0.33,0.06,1,BM & Prog.,Q9NZB2,,,,,,,,,,,,,,,,,,,,,
FAM120A,0.002553573,2.010665007,0.67,0.28,1,BM & Prog.,P61247,,,,,,,,,,,,,,,,,,,,,
RPS3A,0.002895441,1.116695645,1,0.98,1,BM & Prog.,P09651,,,,,,,,,,,,,,,,,,,,,
HNRNPA1,0.005129782,0.846608615,1,0.89,1,BM & Prog.,P82970,,,,,,,,,,,,,,,,,,,,,
HMGN5,0.00520568,1.01597792,0.33,0.07,1,BM & Prog.,P39748,,,,,,,,,,,,,,,,,,,,,
FEN1,0.005294753,1.352234931,0.33,0.07,1,BM & Prog.,Q02878,,,,,,,,,,,,,,,,,,,,,
RPL6,0.005444945,1.081805738,1,0.96,1,BM & Prog.,P55769,,,,,,,,,,,,,,,,,,,,,
SNU13,0.00708603,1.031925137,0.83,0.59,1,BM & Prog.,P18124,,,,,,,,,,,,,,,,,,,,,
RPL7,0.009809445,1.01176001,1,0.99,1,BM & Prog.,Q99967,,,,,,,,,,,,,,,,,,,,,
CITED2,1.65E-44,0.997311345,0.41,0.24,4.03E-40,Chondrocytes,P09917,,,,,,,,,,,,,,,,,,,,,
ALOX5,7.85E-153,1.272642868,0.43,0.07,1.92E-148,CMP,Q9H7B4,,,,,,,,,,,,,,,,,,,,,
SMYD3,3.65E-107,1.177196878,0.38,0.08,8.92E-103,CMP,O75030,,,,,,,,,,,,,,,,,,,,,
MITF,5.08E-103,1.046364672,0.31,0.05,1.24E-98,CMP,Q9H334,,,,,,,,,,,,,,,,,,,,,
FOXP1,6.06E-62,1.265113495,0.68,0.38,1.48E-57,CMP,Q8WVC0,,,,,,,,,,,,,,,,,,,,,
LEO1,5.14E-61,1.082323349,0.32,0.09,1.25E-56,CMP,P61968,,,,,,,,,,,,,,,,,,,,,
LMO4,6.56E-21,1.105917949,0.36,0.21,1.60E-16,CMP,Q9UJV9,,,,,,,,,,,,,,,,,,,,,
DDX41,0.00096202,1.468123073,0.44,0.12,1,Embryonic_stem_cells,O60673,,,,,,,,,,,,,,,,,,,,,
REV3L,0.004051715,1.179926489,0.56,0.22,1,Embryonic_stem_cells,Q9NXX6,,,,,,,,,,,,,,,,,,,,,
NSMCE4A,0.004547221,1.594507197,0.44,0.16,1,Embryonic_stem_cells,O95551,,,,,,,,,,,,,,,,,,,,,
TDP2,0.008199232,1.354919744,0.44,0.17,1,Embryonic_stem_cells,Q9Y5W3,,,,,,,,,,,,,,,,,,,,,
KLF2,0,1.608759795,0.62,0.15,0,Endothelial_cells,O43679,,,,,,,,,,,,,,,,,,,,,
LDB2,0,1.508439081,0.56,0.03,0,Endothelial_cells,Q9GZV5,,,,,,,,,,,,,,,,,,,,,
WWTR1,0,1.300626208,0.53,0.06,0,Endothelial_cells,P41970,,,,,,,,,,,,,,,,,,,,,
ELK3,0,1.191804106,0.55,0.09,0,Endothelial_cells,P35713,,,,,,,,,,,,,,,,,,,,,
SOX18,0,1.18061173,0.41,0,0,Endothelial_cells,Q15797,,,,,,,,,,,,,,,,,,,,,
SMAD1,0,1.084207829,0.45,0.08,0,Endothelial_cells,"P11308, Q12809",,,,,,,,,,,,,,,,,,,,,
ERG,0,0.909813125,0.41,0.01,0,Endothelial_cells,Q03112,,,,,,,,,,,,,,,,,,,,,
MECOM,0,0.874349143,0.35,0.07,0,Endothelial_cells,"Q8WUI4, Q9UKV0",,,,,,,,,,,,,,,,,,,,,
HDAC7,0,0.818128179,0.46,0.13,0,Endothelial_cells,P37275,,,,,,,,,,,,,,,,,,,,,
ZEB1,0,0.770891003,0.42,0.09,0,Endothelial_cells,O75410,,,,,,,,,,,,,,,,,,,,,
TACC1,5.15E-258,0.962186365,0.57,0.27,1.26E-253,Endothelial_cells,P35222,,,,,,,,,,,,,,,,,,,,,
CTNNB1,1.70E-240,0.919586327,0.57,0.28,4.14E-236,Endothelial_cells,O43707,,,,,,,,,,,,,,,,,,,,,
ACTN4,1.01E-229,0.804289618,0.64,0.33,2.48E-225,Endothelial_cells,P24385,,,,,,,,,,,,,,,,,,,,,
CCND1,2.68E-110,0.751608351,0.36,0.18,6.53E-106,Endothelial_cells,P15924,,,,,,,,,,,,,,,,,,,,,
DSP,0,0.790783756,0.52,0.05,0,Epithelial_cells,P35232,,,,,,,,,,,,,,,,,,,,,
PHB,0,0.778169575,0.71,0.33,0,Epithelial_cells,P56537,,,,,,,,,,,,,,,,,,,,,
EIF6,0,0.764425199,0.7,0.32,0,Epithelial_cells,P36639,,,,,,,,,,,,,,,,,,,,,
NUDT1,3.52E-05,0.815401717,0.4,0.19,0.859711244,GMP,P62899,,,,,,,,,,,,,,,,,,,,,
RPL31,1.08E-06,1.241423588,0.96,0.96,0.02642072,Hepatocytes,P18077,,,,,,,,,,,,,,,,,,,,,
RPL35A,2.93E-06,0.756655005,1,0.98,0.071510088,Hepatocytes,P23396,,,,,,,,,,,,,,,,,,,,,
RPS3,0.003728994,0.803225548,0.96,0.99,1,Hepatocytes,Q8IZU3,,,,,,,,,,,,,,,,,,,,,
SYCP3,1.57E-10,1.110692685,0.25,0.01,3.84E-06,HSC_CD34+,Q9Y6J9,,,,,,,,,,,,,,,,,,,,,
TAF6L,1.39E-08,1.580256797,0.5,0.03,0.000338449,HSC_CD34+,O43309,,,,,,,,,,,,,,,,,,,,,
ZSCAN12,3.14E-06,1.104248212,0.25,0.01,0.076590908,HSC_CD34+,Q9Y2Y4,,,,,,,,,,,,,,,,,,,,,
ZBTB32,2.03E-05,1.074059584,0.25,0.01,0.49581763,HSC_CD34+,Q96Q83,,,,,,,,,,,,,,,,,,,,,
ALKBH3,0.000995476,1.701701947,0.5,0.08,1,HSC_CD34+,P51825,,,,,,,,,,,,,,,,,,,,,
AFF1,0.001006739,1.779530885,0.5,0.08,1,HSC_CD34+,Q9Y2N7,,,,,,,,,,,,,,,,,,,,,
HIF3A,0.001033483,0.886748727,0.25,0.02,1,HSC_CD34+,O43823,,,,,,,,,,,,,,,,,,,,,
AKAP8,0.001556813,1.450807328,0.5,0.09,1,HSC_CD34+,Q99676,,,,,,,,,,,,,,,,,,,,,
ZNF184,0.001586272,1.075090685,0.25,0.02,1,HSC_CD34+,P05771,,,,,,,,,,,,,,,,,,,,,
PRKCB,0.00190737,2.762466664,0.5,0.09,1,HSC_CD34+,"O95243, Q15648",,,,,,,,,,,,,,,,,,,,,
MED1,0.002147149,1.749805708,0.5,0.09,1,HSC_CD34+,Q9BVI0,,,,,,,,,,,,,,,,,,,,,
PHF20,0.003063051,1.954174212,0.75,0.26,1,HSC_CD34+,Q14588,,,,,,,,,,,,,,,,,,,,,
ZNF234,0.003870438,1.064755048,0.25,0.03,1,HSC_CD34+,O14867,,,,,,,,,,,,,,,,,,,,,
BACH1,0.004892596,1.697101622,0.5,0.11,1,HSC_CD34+,Q00987,,,,,,,,,,,,,,,,,,,,,
MDM2,0.009561958,1.355891588,0.5,0.12,1,HSC_CD34+,P48436,,,,,,,,,,,,,,,,,,,,,
SOX9,9.24E-05,1.510280801,0.35,0.11,1,iPS_cells,Q13882,,,,,,,,,,,,,,,,,,,,,
PTK6,0.000253802,0.768989471,0.35,0.1,1,iPS_cells,O43684,,,,,,,,,,,,,,,,,,,,,
BUB3,0.00347718,0.995762447,0.6,0.32,1,iPS_cells,P54727,,,,,,,,,,,,,,,,,,,,,
RAD23B,0.005081322,0.824686227,0.5,0.26,1,iPS_cells,O75792,,,,,,,,,,,,,,,,,,,,,
RNASEH2A,0.006372332,0.781739775,0.3,0.12,1,iPS_cells,Q9BTK6,,,,,,,,,,,,,,,,,,,,,
PAGR1,0.006982496,0.811052971,0.4,0.18,1,iPS_cells,Q13263,,,,,,,,,,,,,,,,,,,,,
TRIM28,0.007374122,0.856579092,0.4,0.18,1,iPS_cells,P33993,,,,,,,,,,,,,,,,,,,,,
MCM7,0.009976141,0.990578409,0.3,0.12,1,iPS_cells,Q13351,,,,,,,,,,,,,,,,,,,,,
KLF1,8.61E-74,0.796675413,0.25,0,2.10E-69,MEP,P22670,,,,,,,,,,,,,,,,,,,,,
RFX1,2.28E-05,1.651201238,0.5,0.05,0.556065836,MEP,O95619,,,,,,,,,,,,,,,,,,,,,
YEATS4,5.48E-05,2.304403433,0.75,0.14,1,MEP,Q96SK2,,,,,,,,,,,,,,,,,,,,,
TMEM209,0.000324672,1.620269123,0.5,0.07,1,MEP,Q99459,,,,,,,,,,,,,,,,,,,,,
CDC5L,0.001206511,2.107141832,0.75,0.18,1,MEP,P18754,,,,,,,,,,,,,,,,,,,,,
RCC1,0.001216162,1.698719685,0.5,0.08,1,MEP,P62081,,,,,,,,,,,,,,,,,,,,,
RPS7,0.004195981,1.079392788,1,0.97,1,MEP,P62841,,,,,,,,,,,,,,,,,,,,,
RPS15,0.00841833,1.02030123,1,0.99,1,MEP,P35658,,,,,,,,,,,,,,,,,,,,,
NUP214,5.94E-224,0.750398684,0.31,0.09,1.45E-219,Monocyte,P38936,,,,,,,,,,,,,,,,,,,,,
CDKN1A,2.12E-114,0.768208818,0.39,0.18,5.17E-110,Monocyte,Q9NQW6,,,,,,,,,,,,,,,,,,,,,
ANLN,1.82E-100,1.241009064,0.56,0.03,4.44E-96,MSC,Q9BXS6,,,,,,,,,,,,,,,,,,,,,
NUSAP1,3.76E-83,1.517059872,0.74,0.06,9.17E-79,MSC,Q9BZD4,,,,,,,,,,,,,,,,,,,,,
NUF2,8.37E-80,0.978598676,0.56,0.03,2.04E-75,MSC,Q9ULW0,,,,,,,,,,,,,,,,,,,,,
TPX2,6.74E-59,1.128809333,0.58,0.05,1.65E-54,MSC,Q02224,,,,,,,,,,,,,,,,,,,,,
CENPE,2.25E-53,1.006408809,0.44,0.03,5.49E-49,MSC,P53350,,,,,,,,,,,,,,,,,,,,,
PLK1,2.03E-41,0.847159568,0.42,0.04,4.95E-37,MSC,Q12834,,,,,,,,,,,,,,,,,,,,,
CDC20,2.47E-39,1.269553559,0.51,0.06,6.03E-35,MSC,Q96H22,,,,,,,,,,,,,,,,,,,,,
CENPN,2.05E-33,0.862581845,0.51,0.07,5.00E-29,MSC,O95347,,,,,,,,,,,,,,,,,,,,,
SMC2,1.43E-24,0.972646091,0.58,0.11,3.50E-20,MSC,Q5T6S3,,,,,,,,,,,,,,,,,,,,,
PHF19,6.66E-22,0.887402723,0.49,0.09,1.62E-17,MSC,P52292,,,,,,,,,,,,,,,,,,,,,
KPNA2,1.55E-19,1.522037532,0.63,0.17,3.78E-15,MSC,P23921,,,,,,,,,,,,,,,,,,,,,
RRM1,3.85E-19,0.82376968,0.49,0.1,9.39E-15,MSC,Q8WVK7,,,,,,,,,,,,,,,,,,,,,
SKA2,1.39E-16,1.120784426,0.63,0.18,3.38E-12,MSC,Q9NTJ3,,,,,,,,,,,,,,,,,,,,,
SMC4,2.09E-16,1.587881974,0.63,0.2,5.11E-12,MSC,Q15014,,,,,,,,,,,,,,,,,,,,,
MORF4L2,1.56E-12,1.206034866,0.79,0.4,3.81E-08,MSC,P63167,,,,,,,,,,,,,,,,,,,,,
DYNLL1,2.72E-12,1.397573718,0.93,0.69,6.65E-08,MSC,Q9BTT0,,,,,,,,,,,,,,,,,,,,,
ANP32E,1.15E-11,0.811499614,0.58,0.18,2.82E-07,MSC,Q9P0W2,,,,,,,,,,,,,,,,,,,,,
HMG20B,8.82E-10,0.864113905,0.58,0.23,2.15E-05,MSC,P22626,,,,,,,,,,,,,,,,,,,,,
HNRNPA2B1,1.31E-09,0.89991481,0.91,0.75,3.20E-05,MSC,P62826,,,,,,,,,,,,,,,,,,,,,
RAN,4.41E-07,0.843220217,0.81,0.62,0.010771084,MSC,P07237,,,,,,,,,,,,,,,,,,,,,
P4HB,7.14E-07,1.014334942,0.72,0.52,0.017429541,MSC,Q13185,,,,,,,,,,,,,,,,,,,,,
CBX3,1.45E-06,0.815053908,0.74,0.43,0.035473926,MSC,P35659,,,,,,,,,,,,,,,,,,,,,
DEK,1.89E-06,0.794012846,0.7,0.43,0.046137991,MSC,P06733,,,,,,,,,,,,,,,,,,,,,
ENO1,4.22E-06,0.755358734,0.86,0.64,0.103096667,MSC,Q9Y3A5,,,,,,,,,,,,,,,,,,,,,
SBDS,5.73E-48,1.448602118,0.57,0.39,1.40E-43,Neurons,Q96AH0,,,,,,,,,,,,,,,,,,,,,
NABP1,2.78E-44,1.700716474,0.88,0.64,6.79E-40,Neurons,P61218,,,,,,,,,,,,,,,,,,,,,
POLR2F,2.39E-34,1.300008939,0.55,0.42,5.83E-30,Neurons,P62258,,,,,,,,,,,,,,,,,,,,,
YWHAE,2.66E-31,1.09134569,0.6,0.52,6.49E-27,Neurons,Q9BX63,,,,,,,,,,,,,,,,,,,,,
BRIP1,1.64E-26,1.286167597,0.57,0.44,3.99E-22,Neurons,Q9P0J6,,,,,,,,,,,,,,,,,,,,,
GTF2H5,6.21E-26,1.219131421,0.48,0.36,1.52E-21,Neurons,Q6ZYL4,,,,,,,,,,,,,,,,,,,,,
ZMAT3,6.30E-21,1.64058208,0.4,0.28,1.54E-16,Neurons,Q9HA38,,,,,,,,,,,,,,,,,,,,,
CXXC5,2.12E-17,1.034751045,0.3,0.18,5.17E-13,Neurons,Q7LFL8,,,,,,,,,,,,,,,,,,,,,
SON,1.50E-14,0.803393605,0.59,0.59,3.66E-10,Neurons,P18583,,,,,,,,,,,,,,,,,,,,,
PPP1R12A,1.71E-14,1.087607306,0.38,0.29,4.17E-10,Neurons,O14974,,,,,,,,,,,,,,,,,,,,,
RRP12,8.33E-14,1.210893081,0.41,0.32,2.03E-09,Neurons,Q5JTH9,,,,,,,,,,,,,,,,,,,,,
HMGN3,1.51E-11,0.915252598,0.45,0.41,3.68E-07,Neurons,Q15651,,,,,,,,,,,,,,,,,,,,,
NR1I3,2.35E-10,1.0363393,0.27,0.18,5.73E-06,Neurons,Q14994,,,,,,,,,,,,,,,,,,,,,
AKAP9,4.89E-06,0.863627543,0.38,0.37,0.119366214,Neurons,Q99996,,,,,,,,,,,,,,,,,,,,,
KPNA5,5.29E-06,0.791442635,0.34,0.3,0.129094066,Neurons,O15131,,,,,,,,,,,,,,,,,,,,,
MLX,0.000146389,1.0051584,0.41,0.43,1,Neurons,Q9UH92,,,,,,,,,,,,,,,,,,,,,
UBE2B,0.000351662,0.8003156,0.38,0.4,1,Neurons,P63146,,,,,,,,,,,,,,,,,,,,,
IVNS1ABP,1.54E-05,2.507066097,0.45,0.2,0.377188149,Neutrophils,Q9Y6Y0,,,,,,,,,,,,,,,,,,,,,
PPIF,3.53E-05,3.029994177,0.35,0.13,0.861011517,Neutrophils,P30405,,,,,,,,,,,,,,,,,,,,,
NFKB1,0.000337027,1.444150592,0.31,0.12,1,Neutrophils,P19838,,,,,,,,,,,,,,,,,,,,,
HOPX,0,2.006826052,0.54,0.11,0,NK_cell,Q9BPY8,,,,,,,,,,,,,,,,,,,,,
RUNX3,4.01E-78,0.895378766,0.28,0.1,9.80E-74,NK_cell,Q13761,,,,,,,,,,,,,,,,,,,,,
IRF1,5.71E-15,0.801434323,0.39,0.34,1.39E-10,NK_cell,P10914,,,,,,,,,,,,,,,,,,,,,
IRF7,0.000149832,1.369360941,0.28,0.17,1,Pre-B_cell_CD34-,Q92985,,,,,,,,,,,,,,,,,,,,,
EBF1,0,0.949369994,0.4,0.06,0,Smooth_muscle_cells,Q9UH73,,,,,,,,,,,,,,,,,,,,,
RUNX1T1,0,0.77424521,0.34,0.05,0,Smooth_muscle_cells,Q06455,,,,,,,,,,,,,,,,,,,,,
MYC,7.80E-127,0.891810387,0.45,0.22,1.90E-122,Smooth_muscle_cells,P01106,,,,,,,,,,,,,,,,,,,,,
BCL11B,0,1.454977029,0.38,0.05,0,T_cells,Q9C0K0,,,,,,,,,,,,,,,,,,,,,
STK4,0,1.275935076,0.55,0.31,0,T_cells,Q13043,,,,,,,,,,,,,,,,,,,,,
IKZF3,0,1.074354194,0.46,0.29,0,T_cells,Q9UKT9,,,,,,,,,,,,,,,,,,,,,
RPS29,0,0.933716198,0.96,0.95,0,T_cells,P62273,,,,,,,,,,,,,,,,,,,,,
DDX5,0,0.787677293,0.83,0.78,0,T_cells,P17844,,,,,,,,,,,,,,,,,,,,,
CCND3,6.57E-271,0.776937776,0.32,0.19,1.60E-266,T_cells,P30281,,,,,,,,,,,,,,,,,,,,,
SYNE2,2.33E-221,0.88366651,0.4,0.3,5.68E-217,T_cells,Q8WXH0,,,,,,,,,,,,,,,,,,,,,
SRSF7,1.25E-212,0.808176473,0.54,0.51,3.05E-208,T_cells,Q16629,,,,,,,,,,,,,,,,,,,,,
RBPJ,1.25E-66,0.839751188,0.35,0.33,3.06E-62,T_cells,Q06330,,,,,,,,,,,,,,,,,,,,,
FBXO32,1.40E-289,0.832209699,0.32,0.09,3.42E-285,Tissue_stem_cells,Q969P5,,,,,,,,,,,,,,,,,,,,,
FHL2,2.18E-169,0.80317457,0.46,0.22,5.32E-165,Tissue_stem_cells,Q14192,,,,,,,,,,,,,,,,,,,,,
NTHL1,3.18E-282,0.768460929,0.38,0.14,7.77E-278,Tumour_Cells,P78549,,,,,,,,,,,,,,,,,,,,,
EIF5A,9.78E-163,0.759489838,0.61,0.41,2.39E-158,Tumour_Cells,P63241,,,,,,,,,,,,,,,,,,,,,
,,,,,,,,,,,,,,,,,,,,,,,,,,,,
,,,,,,,,,,,,,,,,,,,,,,,,,,,,
,,,,,,,,,,,,,,,,,,,,,,,,,,,,
,,,,,,,,,,,,,,,,,,,,,,,,,,,,
,,,,,,,,,,,,,,,,,,,,,,,,,,,,
,,,,,,,,,,,,,,,,,,,,,,,,,,,,
,,,,,,,,,,,,,,,,,,,,,,,,,,,,
,,,,,,,,,,,,,,,,,,,,,,,,,,,,
,,,,,,,,,,,,,,,,,,,,,,,,,,,,
,,,,,,,,,,,,,,,,,,,,,,,,,,,,
,,,,,,,,,,,,,,,,,,,,,,,,,,,,
,,,,,,,,,,,,,,,,,,,,,,,,,,,,
,,,,,,,,,,,,,,,,,,,,,,,,,,,,
,,,,,,,,,,,,,,,,,,,,,,,,,,,,
,,,,,,,,,,,,,,,,,,,,,,,,,,,,
,,,,,,,,,,,,,,,,,,,,,,,,,,,,
,,,,,,,,,,,,,,,,,,,,,,,,,,,,
,,,,,,,,,,,,,,,,,,,,,,,,,,,,
,,,,,,,,,,,,,,,,,,,,,,,,,,,,
,,,,,,,,,,,,,,,,,,,,,,,,,,,,
,,,,,,,,,,,,,,,,,,,,,,,,,,,,
,,,,,,,,,,,,,,,,,,,,,,,,,,,,
,,,,,,,,,,,,,,,,,,,,,,,,,,,,
,,,,,,,,,,,,,,,,,,,,,,,,,,,,
,,,,,,,,,,,,,,,,,,,,,,,,,,,,
,,,,,,,,,,,,,,,,,,,,,,,,,,,,
,,,,,,,,,,,,,,,,,,,,,,,,,,,,
,,,,,,,,,,,,,,,,,,,,,,,,,,,,
,,,,,,,,,,,,,,,,,,,,,,,,,,,,
,,,,,,,,,,,,,,,,,,,,,,,,,,,,
,,,,,,,,,,,,,,,,,,,,,,,,,,,,
,,,,,,,,,,,,,,,,,,,,,,,,,,,,
,,,,,,,,,,,,,,,,,,,,,,,,,,,,
,,,,,,,,,,,,,,,,,,,,,,,,,,,,
,,,,,,,,,,,,,,,,,,,,,,,,,,,,
,,,,,,,,,,,,,,,,,,,,,,,,,,,,
,,,,,,,,,,,,,,,,,,,,,,,,,,,,
,,,,,,,,,,,,,,,,,,,,,,,,,,,,
,,,,,,,,,,,,,,,,,,,,,,,,,,,,
,,,,,,,,,,,,,,,,,,,,,,,,,,,,
,,,,,,,,,,,,,,,,,,,,,,,,,,,,
,,,,,,,,,,,,,,,,,,,,,,,,,,,,
,,,,,,,,,,,,,,,,,,,,,,,,,,,,
,,,,,,,,,,,,,,,,,,,,,,,,,,,,
,,,,,,,,,,,,,,,,,,,,,,,,,,,,
,,,,,,,,,,,,,,,,,,,,,,,,,,,,
,,,,,,,,,,,,,,,,,,,,,,,,,,,,
,,,,,,,,,,,,,,,,,,,,,,,,,,,,
,,,,,,,,,,,,,,,,,,,,,,,,,,,,
,,,,,,,,,,,,,,,,,,,,,,,,,,,,
,,,,,,,,,,,,,,,,,,,,,,,,,,,,
,,,,,,,,,,,,,,,,,,,,,,,,,,,,
,,,,,,,,,,,,,,,,,,,,,,,,,,,,
,,,,,,,,,,,,,,,,,,,,,,,,,,,,
,,,,,,,,,,,,,,,,,,,,,,,,,,,,
,,,,,,,,,,,,,,,,,,,,,,,,,,,,
,,,,,,,,,,,,,,,,,,,,,,,,,,,,
,,,,,,,,,,,,,,,,,,,,,,,,,,,,
,,,,,,,,,,,,,,,,,,,,,,,,,,,,
,,,,,,,,,,,,,,,,,,,,,,,,,,,,
,,,,,,,,,,,,,,,,,,,,,,,,,,,,
,,,,,,,,,,,,,,,,,,,,,,,,,,,,
,,,,,,,,,,,,,,,,,,,,,,,,,,,,
,,,,,,,,,,,,,,,,,,,,,,,,,,,,
,,,,,,,,,,,,,,,,,,,,,,,,,,,,
,,,,,,,,,,,,,,,,,,,,,,,,,,,,
,,,,,,,,,,,,,,,,,,,,,,,,,,,,
,,,,,,,,,,,,,,,,,,,,,,,,,,,,
,,,,,,,,,,,,,,,,,,,,,,,,,,,,
,,,,,,,,,,,,,,,,,,,,,,,,,,,,
,,,,,,,,,,,,,,,,,,,,,,,,,,,,
,,,,,,,,,,,,,,,,,,,,,,,,,,,,
,,,,,,,,,,,,,,,,,,,,,,,,,,,,
,,,,,,,,,,,,,,,,,,,,,,,,,,,,
,,,,,,,,,,,,,,,,,,,,,,,,,,,,
,,,,,,,,,,,,,,,,,,,,,,,,,,,,
,,,,,,,,,,,,,,,,,,,,,,,,,,,,
,,,,,,,,,,,,,,,,,,,,,,,,,,,,
,,,,,,,,,,,,,,,,,,,,,,,,,,,,
,,,,,,,,,,,,,,,,,,,,,,,,,,,,
,,,,,,,,,,,,,,,,,,,,,,,,,,,,
,,,,,,,,,,,,,,,,,,,,,,,,,,,,
,,,,,,,,,,,,,,,,,,,,,,,,,,,,
,,,,,,,,,,,,,,,,,,,,,,,,,,,,
,,,,,,,,,,,,,,,,,,,,,,,,,,,,
,,,,,,,,,,,,,,,,,,,,,,,,,,,,
,,,,,,,,,,,,,,,,,,,,,,,,,,,,
,,,,,,,,,,,,,,,,,,,,,,,,,,,,
,,,,,,,,,,,,,,,,,,,,,,,,,,,,
,,,,,,,,,,,,,,,,,,,,,,,,,,,,
,,,,,,,,,,,,,,,,,,,,,,,,,,,,
,,,,,,,,,,,,,,,,,,,,,,,,,,,,
,,,,,,,,,,,,,,,,,,,,,,,,,,,,
,,,,,,,,,,,,,,,,,,,,,,,,,,,,
,,,,,,,,,,,,,,,,,,,,,,,,,,,,
,,,,,,,,,,,,,,,,,,,,,,,,,,,,
,,,,,,,,,,,,,,,,,,,,,,,,,,,,
,,,,,,,,,,,,,,,,,,,,,,,,,,,,
,,,,,,,,,,,,,,,,,,,,,,,,,,,,
,,,,,,,,,,,,,,,,,,,,,,,,,,,,
,,,,,,,,,,,,,,,,,,,,,,,,,,,,
,,,,,,,,,,,,,,,,,,,,,,,,,,,,
,,,,,,,,,,,,,,,,,,,,,,,,,,,,
,,,,,,,,,,,,,,,,,,,,,,,,,,,,
,,,,,,,,,,,,,,,,,,,,,,,,,,,,
,,,,,,,,,,,,,,,,,,,,,,,,,,,,
,,,,,,,,,,,,,,,,,,,,,,,,,,,,
,,,,,,,,,,,,,,,,,,,,,,,,,,,,
,,,,,,,,,,,,,,,,,,,,,,,,,,,,
,,,,,,,,,,,,,,,,,,,,,,,,,,,,
,,,,,,,,,,,,,,,,,,,,,,,,,,,,
,,,,,,,,,,,,,,,,,,,,,,,,,,,,
,,,,,,,,,,,,,,,,,,,,,,,,,,,,
,,,,,,,,,,,,,,,,,,,,,,,,,,,,
,,,,,,,,,,,,,,,,,,,,,,,,,,,,
,,,,,,,,,,,,,,,,,,,,,,,,,,,,
,,,,,,,,,,,,,,,,,,,,,,,,,,,,
,,,,,,,,,,,,,,,,,,,,,,,,,,,,
,,,,,,,,,,,,,,,,,,,,,,,,,,,,
,,,,,,,,,,,,,,,,,,,,,,,,,,,,
,,,,,,,,,,,,,,,,,,,,,,,,,,,,
,,,,,,,,,,,,,,,,,,,,,,,,,,,,
,,,,,,,,,,,,,,,,,,,,,,,,,,,,
,,,,,,,,,,,,,,,,,,,,,,,,,,,,
,,,,,,,,,,,,,,,,,,,,,,,,,,,,
,,,,,,,,,,,,,,,,,,,,,,,,,,,,
,,,,,,,,,,,,,,,,,,,,,,,,,,,,
,,,,,,,,,,,,,,,,,,,,,,,,,,,,
,,,,,,,,,,,,,,,,,,,,,,,,,,,,
,,,,,,,,,,,,,,,,,,,,,,,,,,,,
,,,,,,,,,,,,,,,,,,,,,,,,,,,,
,,,,,,,,,,,,,,,,,,,,,,,,,,,,
,,,,,,,,,,,,,,,,,,,,,,,,,,,,
,,,,,,,,,,,,,,,,,,,,,,,,,,,,
,,,,,,,,,,,,,,,,,,,,,,,,,,,,
,,,,,,,,,,,,,,,,,,,,,,,,,,,,
,,,,,,,,,,,,,,,,,,,,,,,,,,,,
,,,,,,,,,,,,,,,,,,,,,,,,,,,,
,,,,,,,,,,,,,,,,,,,,,,,,,,,,
,,,,,,,,,,,,,,,,,,,,,,,,,,,,
,,,,,,,,,,,,,,,,,,,,,,,,,,,,
,,,,,,,,,,,,,,,,,,,,,,,,,,,,
,,,,,,,,,,,,,,,,,,,,,,,,,,,,
,,,,,,,,,,,,,,,,,,,,,,,,,,,,
,,,,,,,,,,,,,,,,,,,,,,,,,,,,
,,,,,,,,,,,,,,,,,,,,,,,,,,,,
,,,,,,,,,,,,,,,,,,,,,,,,,,,,
,,,,,,,,,,,,,,,,,,,,,,,,,,,,
,,,,,,,,,,,,,,,,,,,,,,,,,,,,
,,,,,,,,,,,,,,,,,,,,,,,,,,,,
,,,,,,,,,,,,,,,,,,,,,,,,,,,,
,,,,,,,,,,,,,,,,,,,,,,,,,,,,
,,,,,,,,,,,,,,,,,,,,,,,,,,,,
,,,,,,,,,,,,,,,,,,,,,,,,,,,,
,,,,,,,,,,,,,,,,,,,,,,,,,,,,
,,,,,,,,,,,,,,,,,,,,,,,,,,,,
,,,,,,,,,,,,,,,,,,,,,,,,,,,,
,,,,,,,,,,,,,,,,,,,,,,,,,,,,
,,,,,,,,,,,,,,,,,,,,,,,,,,,,
,,,,,,,,,,,,,,,,,,,,,,,,,,,,
,,,,,,,,,,,,,,,,,,,,,,,,,,,,
,,,,,,,,,,,,,,,,,,,,,,,,,,,,
,,,,,,,,,,,,,,,,,,,,,,,,,,,,
,,,,,,,,,,,,,,,,,,,,,,,,,,,,
,,,,,,,,,,,,,,,,,,,,,,,,,,,,
,,,,,,,,,,,,,,,,,,,,,,,,,,,,
,,,,,,,,,,,,,,,,,,,,,,,,,,,,
,,,,,,,,,,,,,,,,,,,,,,,,,,,,
,,,,,,,,,,,,,,,,,,,,,,,,,,,,
,,,,,,,,,,,,,,,,,,,,,,,,,,,,
,,,,,,,,,,,,,,,,,,,,,,,,,,,,
,,,,,,,,,,,,,,,,,,,,,,,,,,,,
,,,,,,,,,,,,,,,,,,,,,,,,,,,,
,,,,,,,,,,,,,,,,,,,,,,,,,,,,
,,,,,,,,,,,,,,,,,,,,,,,,,,,,
,,,,,,,,,,,,,,,,,,,,,,,,,,,,
,,,,,,,,,,,,,,,,,,,,,,,,,,,,
,,,,,,,,,,,,,,,,,,,,,,,,,,,,
,,,,,,,,,,,,,,,,,,,,,,,,,,,,
,,,,,,,,,,,,,,,,,,,,,,,,,,,,
,,,,,,,,,,,,,,,,,,,,,,,,,,,,
,,,,,,,,,,,,,,,,,,,,,,,,,,,,
,,,,,,,,,,,,,,,,,,,,,,,,,,,,
,,,,,,,,,,,,,,,,,,,,,,,,,,,,
,,,,,,,,,,,,,,,,,,,,,,,,,,,,
,,,,,,,,,,,,,,,,,,,,,,,,,,,,
,,,,,,,,,,,,,,,,,,,,,,,,,,,,
,,,,,,,,,,,,,,,,,,,,,,,,,,,,
,,,,,,,,,,,,,,,,,,,,,,,,,,,,
,,,,,,,,,,,,,,,,,,,,,,,,,,,,
,,,,,,,,,,,,,,,,,,,,,,,,,,,,
,,,,,,,,,,,,,,,,,,,,,,,,,,,,
,,,,,,,,,,,,,,,,,,,,,,,,,,,,
,,,,,,,,,,,,,,,,,,,,,,,,,,,,
,,,,,,,,,,,,,,,,,,,,,,,,,,,,
,,,,,,,,,,,,,,,,,,,,,,,,,,,,
,,,,,,,,,,,,,,,,,,,,,,,,,,,,
,,,,,,,,,,,,,,,,,,,,,,,,,,,,
,,,,,,,,,,,,,,,,,,,,,,,,,,,,
,,,,,,,,,,,,,,,,,,,,,,,,,,,,
,,,,,,,,,,,,,,,,,,,,,,,,,,,,
,,,,,,,,,,,,,,,,,,,,,,,,,,,,
,,,,,,,,,,,,,,,,,,,,,,,,,,,,
,,,,,,,,,,,,,,,,,,,,,,,,,,,,
,,,,,,,,,,,,,,,,,,,,,,,,,,,,
,,,,,,,,,,,,,,,,,,,,,,,,,,,,
,,,,,,,,,,,,,,,,,,,,,,,,,,,,
,,,,,,,,,,,,,,,,,,,,,,,,,,,,
,,,,,,,,,,,,,,,,,,,,,,,,,,,,
,,,,,,,,,,,,,,,,,,,,,,,,,,,,
,,,,,,,,,,,,,,,,,,,,,,,,,,,,
,,,,,,,,,,,,,,,,,,,,,,,,,,,,
,,,,,,,,,,,,,,,,,,,,,,,,,,,,
,,,,,,,,,,,,,,,,,,,,,,,,,,,,
,,,,,,,,,,,,,,,,,,,,,,,,,,,,
,,,,,,,,,,,,,,,,,,,,,,,,,,,,
,,,,,,,,,,,,,,,,,,,,,,,,,,,,
,,,,,,,,,,,,,,,,,,,,,,,,,,,,
,,,,,,,,,,,,,,,,,,,,,,,,,,,,
,,,,,,,,,,,,,,,,,,,,,,,,,,,,
,,,,,,,,,,,,,,,,,,,,,,,,,,,,
,,,,,,,,,,,,,,,,,,,,,,,,,,,,
,,,,,,,,,,,,,,,,,,,,,,,,,,,,
,,,,,,,,,,,,,,,,,,,,,,,,,,,,
,,,,,,,,,,,,,,,,,,,,,,,,,,,,
,,,,,,,,,,,,,,,,,,,,,,,,,,,,
,,,,,,,,,,,,,,,,,,,,,,,,,,,,
,,,,,,,,,,,,,,,,,,,,,,,,,,,,
,,,,,,,,,,,,,,,,,,,,,,,,,,,,
,,,,,,,,,,,,,,,,,,,,,,,,,,,,
,,,,,,,,,,,,,,,,,,,,,,,,,,,,
,,,,,,,,,,,,,,,,,,,,,,,,,,,,
,,,,,,,,,,,,,,,,,,,,,,,,,,,,
,,,,,,,,,,,,,,,,,,,,,,,,,,,,
,,,,,,,,,,,,,,,,,,,,,,,,,,,,
,,,,,,,,,,,,,,,,,,,,,,,,,,,,
,,,,,,,,,,,,,,,,,,,,,,,,,,,,
,,,,,,,,,,,,,,,,,,,,,,,,,,,,
,,,,,,,,,,,,,,,,,,,,,,,,,,,,
,,,,,,,,,,,,,,,,,,,,,,,,,,,,
,,,,,,,,,,,,,,,,,,,,,,,,,,,,
,,,,,,,,,,,,,,,,,,,,,,,,,,,,
,,,,,,,,,,,,,,,,,,,,,,,,,,,,
,,,,,,,,,,,,,,,,,,,,,,,,,,,,
,,,,,,,,,,,,,,,,,,,,,,,,,,,,
,,,,,,,,,,,,,,,,,,,,,,,,,,,,
,,,,,,,,,,,,,,,,,,,,,,,,,,,,
,,,,,,,,,,,,,,,,,,,,,,,,,,,,
,,,,,,,,,,,,,,,,,,,,,,,,,,,,
,,,,,,,,,,,,,,,,,,,,,,,,,,,,
,,,,,,,,,,,,,,,,,,,,,,,,,,,,
,,,,,,,,,,,,,,,,,,,,,,,,,,,,
,,,,,,,,,,,,,,,,,,,,,,,,,,,,
,,,,,,,,,,,,,,,,,,,,,,,,,,,,
,,,,,,,,,,,,,,,,,,,,,,,,,,,,
,,,,,,,,,,,,,,,,,,,,,,,,,,,,
,,,,,,,,,,,,,,,,,,,,,,,,,,,,
,,,,,,,,,,,,,,,,,,,,,,,,,,,,
,,,,,,,,,,,,,,,,,,,,,,,,,,,,
,,,,,,,,,,,,,,,,,,,,,,,,,,,,
,,,,,,,,,,,,,,,,,,,,,,,,,,,,
,,,,,,,,,,,,,,,,,,,,,,,,,,,,
,,,,,,,,,,,,,,,,,,,,,,,,,,,,
,,,,,,,,,,,,,,,,,,,,,,,,,,,,
,,,,,,,,,,,,,,,,,,,,,,,,,,,,
,,,,,,,,,,,,,,,,,,,,,,,,,,,,
,,,,,,,,,,,,,,,,,,,,,,,,,,,,
,,,,,,,,,,,,,,,,,,,,,,,,,,,,
,,,,,,,,,,,,,,,,,,,,,,,,,,,,
,,,,,,,,,,,,,,,,,,,,,,,,,,,,
,,,,,,,,,,,,,,,,,,,,,,,,,,,,
,,,,,,,,,,,,,,,,,,,,,,,,,,,,
,,,,,,,,,,,,,,,,,,,,,,,,,,,,
,,,,,,,,,,,,,,,,,,,,,,,,,,,,
,,,,,,,,,,,,,,,,,,,,,,,,,,,,
,,,,,,,,,,,,,,,,,,,,,,,,,,,,
,,,,,,,,,,,,,,,,,,,,,,,,,,,,
,,,,,,,,,,,,,,,,,,,,,,,,,,,,
,,,,,,,,,,,,,,,,,,,,,,,,,,,,
,,,,,,,,,,,,,,,,,,,,,,,,,,,,
,,,,,,,,,,,,,,,,,,,,,,,,,,,,
,,,,,,,,,,,,,,,,,,,,,,,,,,,,
,,,,,,,,,,,,,,,,,,,,,,,,,,,,
,,,,,,,,,,,,,,,,,,,,,,,,,,,,
,,,,,,,,,,,,,,,,,,,,,,,,,,,,
,,,,,,,,,,,,,,,,,,,,,,,,,,,,
,,,,,,,,,,,,,,,,,,,,,,,,,,,,
,,,,,,,,,,,,,,,,,,,,,,,,,,,,
,,,,,,,,,,,,,,,,,,,,,,,,,,,,
,,,,,,,,,,,,,,,,,,,,,,,,,,,,
,,,,,,,,,,,,,,,,,,,,,,,,,,,,
,,,,,,,,,,,,,,,,,,,,,,,,,,,,
,,,,,,,,,,,,,,,,,,,,,,,,,,,,
,,,,,,,,,,,,,,,,,,,,,,,,,,,,
,,,,,,,,,,,,,,,,,,,,,,,,,,,,
,,,,,,,,,,,,,,,,,,,,,,,,,,,,
,,,,,,,,,,,,,,,,,,,,,,,,,,,,
,,,,,,,,,,,,,,,,,,,,,,,,,,,,
,,,,,,,,,,,,,,,,,,,,,,,,,,,,
,,,,,,,,,,,,,,,,,,,,,,,,,,,,
,,,,,,,,,,,,,,,,,,,,,,,,,,,,
,,,,,,,,,,,,,,,,,,,,,,,,,,,,
,,,,,,,,,,,,,,,,,,,,,,,,,,,,
,,,,,,,,,,,,,,,,,,,,,,,,,,,,
,,,,,,,,,,,,,,,,,,,,,,,,,,,,
,,,,,,,,,,,,,,,,,,,,,,,,,,,,
,,,,,,,,,,,,,,,,,,,,,,,,,,,,
,,,,,,,,,,,,,,,,,,,,,,,,,,,,
,,,,,,,,,,,,,,,,,,,,,,,,,,,,
,,,,,,,,,,,,,,,,,,,,,,,,,,,,
,,,,,,,,,,,,,,,,,,,,,,,,,,,,
,,,,,,,,,,,,,,,,,,,,,,,,,,,,
,,,,,,,,,,,,,,,,,,,,,,,,,,,,
,,,,,,,,,,,,,,,,,,,,,,,,,,,,
,,,,,,,,,,,,,,,,,,,,,,,,,,,,
,,,,,,,,,,,,,,,,,,,,,,,,,,,,
,,,,,,,,,,,,,,,,,,,,,,,,,,,,
,,,,,,,,,,,,,,,,,,,,,,,,,,,,
,,,,,,,,,,,,,,,,,,,,,,,,,,,,
,,,,,,,,,,,,,,,,,,,,,,,,,,,,
,,,,,,,,,,,,,,,,,,,,,,,,,,,,
,,,,,,,,,,,,,,,,,,,,,,,,,,,,
,,,,,,,,,,,,,,,,,,,,,,,,,,,,
,,,,,,,,,,,,,,,,,,,,,,,,,,,,
,,,,,,,,,,,,,,,,,,,,,,,,,,,,
,,,,,,,,,,,,,,,,,,,,,,,,,,,,
,,,,,,,,,,,,,,,,,,,,,,,,,,,,
,,,,,,,,,,,,,,,,,,,,,,,,,,,,
,,,,,,,,,,,,,,,,,,,,,,,,,,,,
,,,,,,,,,,,,,,,,,,,,,,,,,,,,
,,,,,,,,,,,,,,,,,,,,,,,,,,,,
,,,,,,,,,,,,,,,,,,,,,,,,,,,,
,,,,,,,,,,,,,,,,,,,,,,,,,,,,
,,,,,,,,,,,,,,,,,,,,,,,,,,,,
,,,,,,,,,,,,,,,,,,,,,,,,,,,,
,,,,,,,,,,,,,,,,,,,,,,,,,,,,
,,,,,,,,,,,,,,,,,,,,,,,,,,,,
,,,,,,,,,,,,,,,,,,,,,,,,,,,,
,,,,,,,,,,,,,,,,,,,,,,,,,,,,
,,,,,,,,,,,,,,,,,,,,,,,,,,,,
,,,,,,,,,,,,,,,,,,,,,,,,,,,,
,,,,,,,,,,,,,,,,,,,,,,,,,,,,
,,,,,,,,,,,,,,,,,,,,,,,,,,,,
,,,,,,,,,,,,,,,,,,,,,,,,,,,,
,,,,,,,,,,,,,,,,,,,,,,,,,,,,
,,,,,,,,,,,,,,,,,,,,,,,,,,,,
,,,,,,,,,,,,,,,,,,,,,,,,,,,,
,,,,,,,,,,,,,,,,,,,,,,,,,,,,
,,,,,,,,,,,,,,,,,,,,,,,,,,,,
,,,,,,,,,,,,,,,,,,,,,,,,,,,,
,,,,,,,,,,,,,,,,,,,,,,,,,,,,
,,,,,,,,,,,,,,,,,,,,,,,,,,,,
,,,,,,,,,,,,,,,,,,,,,,,,,,,,
,,,,,,,,,,,,,,,,,,,,,,,,,,,,
,,,,,,,,,,,,,,,,,,,,,,,,,,,,
,,,,,,,,,,,,,,,,,,,,,,,,,,,,
,,,,,,,,,,,,,,,,,,,,,,,,,,,,
,,,,,,,,,,,,,,,,,,,,,,,,,,,,
,,,,,,,,,,,,,,,,,,,,,,,,,,,,
,,,,,,,,,,,,,,,,,,,,,,,,,,,,
,,,,,,,,,,,,,,,,,,,,,,,,,,,,
,,,,,,,,,,,,,,,,,,,,,,,,,,,,
,,,,,,,,,,,,,,,,,,,,,,,,,,,,
,,,,,,,,,,,,,,,,,,,,,,,,,,,,
,,,,,,,,,,,,,,,,,,,,,,,,,,,,
,,,,,,,,,,,,,,,,,,,,,,,,,,,,
,,,,,,,,,,,,,,,,,,,,,,,,,,,,
,,,,,,,,,,,,,,,,,,,,,,,,,,,,
,,,,,,,,,,,,,,,,,,,,,,,,,,,,
,,,,,,,,,,,,,,,,,,,,,,,,,,,,
,,,,,,,,,,,,,,,,,,,,,,,,,,,,
,,,,,,,,,,,,,,,,,,,,,,,,,,,,
,,,,,,,,,,,,,,,,,,,,,,,,,,,,
,,,,,,,,,,,,,,,,,,,,,,,,,,,,
,,,,,,,,,,,,,,,,,,,,,,,,,,,,
,,,,,,,,,,,,,,,,,,,,,,,,,,,,
,,,,,,,,,,,,,,,,,,,,,,,,,,,,
,,,,,,,,,,,,,,,,,,,,,,,,,,,,
,,,,,,,,,,,,,,,,,,,,,,,,,,,,
,,,,,,,,,,,,,,,,,,,,,,,,,,,,
,,,,,,,,,,,,,,,,,,,,,,,,,,,,
,,,,,,,,,,,,,,,,,,,,,,,,,,,,
,,,,,,,,,,,,,,,,,,,,,,,,,,,,
,,,,,,,,,,,,,,,,,,,,,,,,,,,,
,,,,,,,,,,,,,,,,,,,,,,,,,,,,
,,,,,,,,,,,,,,,,,,,,,,,,,,,,
,,,,,,,,,,,,,,,,,,,,,,,,,,,,
,,,,,,,,,,,,,,,,,,,,,,,,,,,,
,,,,,,,,,,,,,,,,,,,,,,,,,,,,
,,,,,,,,,,,,,,,,,,,,,,,,,,,,
,,,,,,,,,,,,,,,,,,,,,,,,,,,,
,,,,,,,,,,,,,,,,,,,,,,,,,,,,
,,,,,,,,,,,,,,,,,,,,,,,,,,,,
,,,,,,,,,,,,,,,,,,,,,,,,,,,,
,,,,,,,,,,,,,,,,,,,,,,,,,,,,
,,,,,,,,,,,,,,,,,,,,,,,,,,,,
,,,,,,,,,,,,,,,,,,,,,,,,,,,,
,,,,,,,,,,,,,,,,,,,,,,,,,,,,
,,,,,,,,,,,,,,,,,,,,,,,,,,,,
,,,,,,,,,,,,,,,,,,,,,,,,,,,,
,,,,,,,,,,,,,,,,,,,,,,,,,,,,
,,,,,,,,,,,,,,,,,,,,,,,,,,,,
,,,,,,,,,,,,,,,,,,,,,,,,,,,,
,,,,,,,,,,,,,,,,,,,,,,,,,,,,
,,,,,,,,,,,,,,,,,,,,,,,,,,,,
,,,,,,,,,,,,,,,,,,,,,,,,,,,,
,,,,,,,,,,,,,,,,,,,,,,,,,,,,
,,,,,,,,,,,,,,,,,,,,,,,,,,,,
,,,,,,,,,,,,,,,,,,,,,,,,,,,,
,,,,,,,,,,,,,,,,,,,,,,,,,,,,
,,,,,,,,,,,,,,,,,,,,,,,,,,,,
,,,,,,,,,,,,,,,,,,,,,,,,,,,,
,,,,,,,,,,,,,,,,,,,,,,,,,,,,
,,,,,,,,,,,,,,,,,,,,,,,,,,,,
,,,,,,,,,,,,,,,,,,,,,,,,,,,,
,,,,,,,,,,,,,,,,,,,,,,,,,,,,
,,,,,,,,,,,,,,,,,,,,,,,,,,,,
,,,,,,,,,,,,,,,,,,,,,,,,,,,,
,,,,,,,,,,,,,,,,,,,,,,,,,,,,
,,,,,,,,,,,,,,,,,,,,,,,,,,,,
,,,,,,,,,,,,,,,,,,,,,,,,,,,,
,,,,,,,,,,,,,,,,,,,,,,,,,,,,
,,,,,,,,,,,,,,,,,,,,,,,,,,,,
,,,,,,,,,,,,,,,,,,,,,,,,,,,,
,,,,,,,,,,,,,,,,,,,,,,,,,,,,
,,,,,,,,,,,,,,,,,,,,,,,,,,,,
,,,,,,,,,,,,,,,,,,,,,,,,,,,,
,,,,,,,,,,,,,,,,,,,,,,,,,,,,
,,,,,,,,,,,,,,,,,,,,,,,,,,,,
,,,,,,,,,,,,,,,,,,,,,,,,,,,,
,,,,,,,,,,,,,,,,,,,,,,,,,,,,
,,,,,,,,,,,,,,,,,,,,,,,,,,,,
,,,,,,,,,,,,,,,,,,,,,,,,,,,,
,,,,,,,,,,,,,,,,,,,,,,,,,,,,
,,,,,,,,,,,,,,,,,,,,,,,,,,,,
,,,,,,,,,,,,,,,,,,,,,,,,,,,,
,,,,,,,,,,,,,,,,,,,,,,,,,,,,
,,,,,,,,,,,,,,,,,,,,,,,,,,,,
,,,,,,,,,,,,,,,,,,,,,,,,,,,,
,,,,,,,,,,,,,,,,,,,,,,,,,,,,
,,,,,,,,,,,,,,,,,,,,,,,,,,,,
,,,,,,,,,,,,,,,,,,,,,,,,,,,,
,,,,,,,,,,,,,,,,,,,,,,,,,,,,
,,,,,,,,,,,,,,,,,,,,,,,,,,,,
,,,,,,,,,,,,,,,,,,,,,,,,,,,,
,,,,,,,,,,,,,,,,,,,,,,,,,,,,
,,,,,,,,,,,,,,,,,,,,,,,,,,,,
,,,,,,,,,,,,,,,,,,,,,,,,,,,,
,,,,,,,,,,,,,,,,,,,,,,,,,,,,
,,,,,,,,,,,,,,,,,,,,,,,,,,,,
,,,,,,,,,,,,,,,,,,,,,,,,,,,,
,,,,,,,,,,,,,,,,,,,,,,,,,,,,
,,,,,,,,,,,,,,,,,,,,,,,,,,,,
,,,,,,,,,,,,,,,,,,,,,,,,,,,,
,,,,,,,,,,,,,,,,,,,,,,,,,,,,
,,,,,,,,,,,,,,,,,,,,,,,,,,,,
,,,,,,,,,,,,,,,,,,,,,,,,,,,,
,,,,,,,,,,,,,,,,,,,,,,,,,,,,
,,,,,,,,,,,,,,,,,,,,,,,,,,,,
,,,,,,,,,,,,,,,,,,,,,,,,,,,,
,,,,,,,,,,,,,,,,,,,,,,,,,,,,
,,,,,,,,,,,,,,,,,,,,,,,,,,,,
,,,,,,,,,,,,,,,,,,,,,,,,,,,,
,,,,,,,,,,,,,,,,,,,,,,,,,,,,
,,,,,,,,,,,,,,,,,,,,,,,,,,,,
,,,,,,,,,,,,,,,,,,,,,,,,,,,,
,,,,,,,,,,,,,,,,,,,,,,,,,,,,
,,,,,,,,,,,,,,,,,,,,,,,,,,,,
,,,,,,,,,,,,,,,,,,,,,,,,,,,,
,,,,,,,,,,,,,,,,,,,,,,,,,,,,
,,,,,,,,,,,,,,,,,,,,,,,,,,,,
,,,,,,,,,,,,,,,,,,,,,,,,,,,,
,,,,,,,,,,,,,,,,,,,,,,,,,,,,
,,,,,,,,,,,,,,,,,,,,,,,,,,,,
,,,,,,,,,,,,,,,,,,,,,,,,,,,,
,,,,,,,,,,,,,,,,,,,,,,,,,,,,
,,,,,,,,,,,,,,,,,,,,,,,,,,,,
,,,,,,,,,,,,,,,,,,,,,,,,,,,,
,,,,,,,,,,,,,,,,,,,,,,,,,,,,
,,,,,,,,,,,,,,,,,,,,,,,,,,,,
,,,,,,,,,,,,,,,,,,,,,,,,,,,,
,,,,,,,,,,,,,,,,,,,,,,,,,,,,
,,,,,,,,,,,,,,,,,,,,,,,,,,,,
,,,,,,,,,,,,,,,,,,,,,,,,,,,,
,,,,,,,,,,,,,,,,,,,,,,,,,,,,
,,,,,,,,,,,,,,,,,,,,,,,,,,,,
,,,,,,,,,,,,,,,,,,,,,,,,,,,,
,,,,,,,,,,,,,,,,,,,,,,,,,,,,
,,,,,,,,,,,,,,,,,,,,,,,,,,,,
,,,,,,,,,,,,,,,,,,,,,,,,,,,,
,,,,,,,,,,,,,,,,,,,,,,,,,,,,
,,,,,,,,,,,,,,,,,,,,,,,,,,,,
,,,,,,,,,,,,,,,,,,,,,,,,,,,,
,,,,,,,,,,,,,,,,,,,,,,,,,,,,
,,,,,,,,,,,,,,,,,,,,,,,,,,,,
,,,,,,,,,,,,,,,,,,,,,,,,,,,,
,,,,,,,,,,,,,,,,,,,,,,,,,,,,
,,,,,,,,,,,,,,,,,,,,,,,,,,,,
,,,,,,,,,,,,,,,,,,,,,,,,,,,,
,,,,,,,,,,,,,,,,,,,,,,,,,,,,
,,,,,,,,,,,,,,,,,,,,,,,,,,,,
,,,,,,,,,,,,,,,,,,,,,,,,,,,,
,,,,,,,,,,,,,,,,,,,,,,,,,,,,
,,,,,,,,,,,,,,,,,,,,,,,,,,,,
,,,,,,,,,,,,,,,,,,,,,,,,,,,,
,,,,,,,,,,,,,,,,,,,,,,,,,,,,
,,,,,,,,,,,,,,,,,,,,,,,,,,,,
,,,,,,,,,,,,,,,,,,,,,,,,,,,,
,,,,,,,,,,,,,,,,,,,,,,,,,,,,
,,,,,,,,,,,,,,,,,,,,,,,,,,,,
,,,,,,,,,,,,,,,,,,,,,,,,,,,,
,,,,,,,,,,,,,,,,,,,,,,,,,,,,
,,,,,,,,,,,,,,,,,,,,,,,,,,,,
,,,,,,,,,,,,,,,,,,,,,,,,,,,,
,,,,,,,,,,,,,,,,,,,,,,,,,,,,
,,,,,,,,,,,,,,,,,,,,,,,,,,,,
,,,,,,,,,,,,,,,,,,,,,,,,,,,,
,,,,,,,,,,,,,,,,,,,,,,,,,,,,
,,,,,,,,,,,,,,,,,,,,,,,,,,,,
,,,,,,,,,,,,,,,,,,,,,,,,,,,,
,,,,,,,,,,,,,,,,,,,,,,,,,,,,
,,,,,,,,,,,,,,,,,,,,,,,,,,,,
,,,,,,,,,,,,,,,,,,,,,,,,,,,,
,,,,,,,,,,,,,,,,,,,,,,,,,,,,
,,,,,,,,,,,,,,,,,,,,,,,,,,,,
,,,,,,,,,,,,,,,,,,,,,,,,,,,,
,,,,,,,,,,,,,,,,,,,,,,,,,,,,
,,,,,,,,,,,,,,,,,,,,,,,,,,,,
,,,,,,,,,,,,,,,,,,,,,,,,,,,,
,,,,,,,,,,,,,,,,,,,,,,,,,,,,
,,,,,,,,,,,,,,,,,,,,,,,,,,,,
,,,,,,,,,,,,,,,,,,,,,,,,,,,,
,,,,,,,,,,,,,,,,,,,,,,,,,,,,
,,,,,,,,,,,,,,,,,,,,,,,,,,,,
,,,,,,,,,,,,,,,,,,,,,,,,,,,,
,,,,,,,,,,,,,,,,,,,,,,,,,,,,
,,,,,,,,,,,,,,,,,,,,,,,,,,,,
,,,,,,,,,,,,,,,,,,,,,,,,,,,,
,,,,,,,,,,,,,,,,,,,,,,,,,,,,
,,,,,,,,,,,,,,,,,,,,,,,,,,,,
,,,,,,,,,,,,,,,,,,,,,,,,,,,,
,,,,,,,,,,,,,,,,,,,,,,,,,,,,
,,,,,,,,,,,,,,,,,,,,,,,,,,,,
,,,,,,,,,,,,,,,,,,,,,,,,,,,,
,,,,,,,,,,,,,,,,,,,,,,,,,,,,
,,,,,,,,,,,,,,,,,,,,,,,,,,,,
,,,,,,,,,,,,,,,,,,,,,,,,,,,,
,,,,,,,,,,,,,,,,,,,,,,,,,,,,
,,,,,,,,,,,,,,,,,,,,,,,,,,,,
,,,,,,,,,,,,,,,,,,,,,,,,,,,,
,,,,,,,,,,,,,,,,,,,,,,,,,,,,
,,,,,,,,,,,,,,,,,,,,,,,,,,,,
,,,,,,,,,,,,,,,,,,,,,,,,,,,,
,,,,,,,,,,,,,,,,,,,,,,,,,,,,
,,,,,,,,,,,,,,,,,,,,,,,,,,,,
,,,,,,,,,,,,,,,,,,,,,,,,,,,,
,,,,,,,,,,,,,,,,,,,,,,,,,,,,
,,,,,,,,,,,,,,,,,,,,,,,,,,,,
,,,,,,,,,,,,,,,,,,,,,,,,,,,,
,,,,,,,,,,,,,,,,,,,,,,,,,,,,
,,,,,,,,,,,,,,,,,,,,,,,,,,,,
,,,,,,,,,,,,,,,,,,,,,,,,,,,,
,,,,,,,,,,,,,,,,,,,,,,,,,,,,
,,,,,,,,,,,,,,,,,,,,,,,,,,,,
,,,,,,,,,,,,,,,,,,,,,,,,,,,,
,,,,,,,,,,,,,,,,,,,,,,,,,,,,
,,,,,,,,,,,,,,,,,,,,,,,,,,,,
,,,,,,,,,,,,,,,,,,,,,,,,,,,,
,,,,,,,,,,,,,,,,,,,,,,,,,,,,
,,,,,,,,,,,,,,,,,,,,,,,,,,,,
,,,,,,,,,,,,,,,,,,,,,,,,,,,,
,,,,,,,,,,,,,,,,,,,,,,,,,,,,
,,,,,,,,,,,,,,,,,,,,,,,,,,,,
,,,,,,,,,,,,,,,,,,,,,,,,,,,,
,,,,,,,,,,,,,,,,,,,,,,,,,,,,
,,,,,,,,,,,,,,,,,,,,,,,,,,,,
,,,,,,,,,,,,,,,,,,,,,,,,,,,,
,,,,,,,,,,,,,,,,,,,,,,,,,,,,
,,,,,,,,,,,,,,,,,,,,,,,,,,,,
,,,,,,,,,,,,,,,,,,,,,,,,,,,,
,,,,,,,,,,,,,,,,,,,,,,,,,,,,
,,,,,,,,,,,,,,,,,,,,,,,,,,,,
,,,,,,,,,,,,,,,,,,,,,,,,,,,,
,,,,,,,,,,,,,,,,,,,,,,,,,,,,
,,,,,,,,,,,,,,,,,,,,,,,,,,,,
,,,,,,,,,,,,,,,,,,,,,,,,,,,,
,,,,,,,,,,,,,,,,,,,,,,,,,,,,
,,,,,,,,,,,,,,,,,,,,,,,,,,,,
,,,,,,,,,,,,,,,,,,,,,,,,,,,,
,,,,,,,,,,,,,,,,,,,,,,,,,,,,
,,,,,,,,,,,,,,,,,,,,,,,,,,,,
,,,,,,,,,,,,,,,,,,,,,,,,,,,,
,,,,,,,,,,,,,,,,,,,,,,,,,,,,
,,,,,,,,,,,,,,,,,,,,,,,,,,,,
,,,,,,,,,,,,,,,,,,,,,,,,,,,,
,,,,,,,,,,,,,,,,,,,,,,,,,,,,
,,,,,,,,,,,,,,,,,,,,,,,,,,,,
,,,,,,,,,,,,,,,,,,,,,,,,,,,,
,,,,,,,,,,,,,,,,,,,,,,,,,,,,
,,,,,,,,,,,,,,,,,,,,,,,,,,,,
,,,,,,,,,,,,,,,,,,,,,,,,,,,,
,,,,,,,,,,,,,,,,,,,,,,,,,,,,
,,,,,,,,,,,,,,,,,,,,,,,,,,,,
,,,,,,,,,,,,,,,,,,,,,,,,,,,,
,,,,,,,,,,,,,,,,,,,,,,,,,,,,
,,,,,,,,,,,,,,,,,,,,,,,,,,,,
,,,,,,,,,,,,,,,,,,,,,,,,,,,,
,,,,,,,,,,,,,,,,,,,,,,,,,,,,
,,,,,,,,,,,,,,,,,,,,,,,,,,,,
,,,,,,,,,,,,,,,,,,,,,,,,,,,,
,,,,,,,,,,,,,,,,,,,,,,,,,,,,
,,,,,,,,,,,,,,,,,,,,,,,,,,,,
,,,,,,,,,,,,,,,,,,,,,,,,,,,,
,,,,,,,,,,,,,,,,,,,,,,,,,,,,
,,,,,,,,,,,,,,,,,,,,,,,,,,,,
,,,,,,,,,,,,,,,,,,,,,,,,,,,,
,,,,,,,,,,,,,,,,,,,,,,,,,,,,
,,,,,,,,,,,,,,,,,,,,,,,,,,,,
,,,,,,,,,,,,,,,,,,,,,,,,,,,,
,,,,,,,,,,,,,,,,,,,,,,,,,,,,
,,,,,,,,,,,,,,,,,,,,,,,,,,,,
,,,,,,,,,,,,,,,,,,,,,,,,,,,,
,,,,,,,,,,,,,,,,,,,,,,,,,,,,
,,,,,,,,,,,,,,,,,,,,,,,,,,,,
,,,,,,,,,,,,,,,,,,,,,,,,,,,,
,,,,,,,,,,,,,,,,,,,,,,,,,,,,
,,,,,,,,,,,,,,,,,,,,,,,,,,,,
,,,,,,,,,,,,,,,,,,,,,,,,,,,,
,,,,,,,,,,,,,,,,,,,,,,,,,,,,
,,,,,,,,,,,,,,,,,,,,,,,,,,,,
,,,,,,,,,,,,,,,,,,,,,,,,,,,,
,,,,,,,,,,,,,,,,,,,,,,,,,,,,
,,,,,,,,,,,,,,,,,,,,,,,,,,,,
,,,,,,,,,,,,,,,,,,,,,,,,,,,,
,,,,,,,,,,,,,,,,,,,,,,,,,,,,
,,,,,,,,,,,,,,,,,,,,,,,,,,,,
,,,,,,,,,,,,,,,,,,,,,,,,,,,,
,,,,,,,,,,,,,,,,,,,,,,,,,,,,
,,,,,,,,,,,,,,,,,,,,,,,,,,,,
,,,,,,,,,,,,,,,,,,,,,,,,,,,,
,,,,,,,,,,,,,,,,,,,,,,,,,,,,
,,,,,,,,,,,,,,,,,,,,,,,,,,,,
,,,,,,,,,,,,,,,,,,,,,,,,,,,,
,,,,,,,,,,,,,,,,,,,,,,,,,,,,
,,,,,,,,,,,,,,,,,,,,,,,,,,,,
,,,,,,,,,,,,,,,,,,,,,,,,,,,,
,,,,,,,,,,,,,,,,,,,,,,,,,,,,
,,,,,,,,,,,,,,,,,,,,,,,,,,,,
,,,,,,,,,,,,,,,,,,,,,,,,,,,,
,,,,,,,,,,,,,,,,,,,,,,,,,,,,
,,,,,,,,,,,,,,,,,,,,,,,,,,,,
,,,,,,,,,,,,,,,,,,,,,,,,,,,,
,,,,,,,,,,,,,,,,,,,,,,,,,,,,
,,,,,,,,,,,,,,,,,,,,,,,,,,,,
,,,,,,,,,,,,,,,,,,,,,,,,,,,,
,,,,,,,,,,,,,,,,,,,,,,,,,,,,
,,,,,,,,,,,,,,,,,,,,,,,,,,,,
,,,,,,,,,,,,,,,,,,,,,,,,,,,,
,,,,,,,,,,,,,,,,,,,,,,,,,,,,
,,,,,,,,,,,,,,,,,,,,,,,,,,,,
,,,,,,,,,,,,,,,,,,,,,,,,,,,,
,,,,,,,,,,,,,,,,,,,,,,,,,,,,
,,,,,,,,,,,,,,,,,,,,,,,,,,,,
,,,,,,,,,,,,,,,,,,,,,,,,,,,,
,,,,,,,,,,,,,,,,,,,,,,,,,,,,
,,,,,,,,,,,,,,,,,,,,,,,,,,,,
,,,,,,,,,,,,,,,,,,,,,,,,,,,,
,,,,,,,,,,,,,,,,,,,,,,,,,,,,
,,,,,,,,,,,,,,,,,,,,,,,,,,,,
,,,,,,,,,,,,,,,,,,,,,,,,,,,,
,,,,,,,,,,,,,,,,,,,,,,,,,,,,
,,,,,,,,,,,,,,,,,,,,,,,,,,,,
,,,,,,,,,,,,,,,,,,,,,,,,,,,,
,,,,,,,,,,,,,,,,,,,,,,,,,,,,
,,,,,,,,,,,,,,,,,,,,,,,,,,,,
,,,,,,,,,,,,,,,,,,,,,,,,,,,,
,,,,,,,,,,,,,,,,,,,,,,,,,,,,
,,,,,,,,,,,,,,,,,,,,,,,,,,,,
,,,,,,,,,,,,,,,,,,,,,,,,,,,,
,,,,,,,,,,,,,,,,,,,,,,,,,,,,
,,,,,,,,,,,,,,,,,,,,,,,,,,,,
,,,,,,,,,,,,,,,,,,,,,,,,,,,,
,,,,,,,,,,,,,,,,,,,,,,,,,,,,
,,,,,,,,,,,,,,,,,,,,,,,,,,,,
,,,,,,,,,,,,,,,,,,,,,,,,,,,,
,,,,,,,,,,,,,,,,,,,,,,,,,,,,
,,,,,,,,,,,,,,,,,,,,,,,,,,,,
,,,,,,,,,,,,,,,,,,,,,,,,,,,,
,,,,,,,,,,,,,,,,,,,,,,,,,,,,
,,,,,,,,,,,,,,,,,,,,,,,,,,,,
,,,,,,,,,,,,,,,,,,,,,,,,,,,,
,,,,,,,,,,,,,,,,,,,,,,,,,,,,
,,,,,,,,,,,,,,,,,,,,,,,,,,,,
,,,,,,,,,,,,,,,,,,,,,,,,,,,,
,,,,,,,,,,,,,,,,,,,,,,,,,,,,
,,,,,,,,,,,,,,,,,,,,,,,,,,,,
,,,,,,,,,,,,,,,,,,,,,,,,,,,,
,,,,,,,,,,,,,,,,,,,,,,,,,,,,
,,,,,,,,,,,,,,,,,,,,,,,,,,,,
,,,,,,,,,,,,,,,,,,,,,,,,,,,,
,,,,,,,,,,,,,,,,,,,,,,,,,,,,
,,,,,,,,,,,,,,,,,,,,,,,,,,,,
,,,,,,,,,,,,,,,,,,,,,,,,,,,,
,,,,,,,,,,,,,,,,,,,,,,,,,,,,
,,,,,,,,,,,,,,,,,,,,,,,,,,,,
,,,,,,,,,,,,,,,,,,,,,,,,,,,,
,,,,,,,,,,,,,,,,,,,,,,,,,,,,
,,,,,,,,,,,,,,,,,,,,,,,,,,,,
,,,,,,,,,,,,,,,,,,,,,,,,,,,,
,,,,,,,,,,,,,,,,,,,,,,,,,,,,
,,,,,,,,,,,,,,,,,,,,,,,,,,,,
,,,,,,,,,,,,,,,,,,,,,,,,,,,,
,,,,,,,,,,,,,,,,,,,,,,,,,,,,
,,,,,,,,,,,,,,,,,,,,,,,,,,,,
,,,,,,,,,,,,,,,,,,,,,,,,,,,,
,,,,,,,,,,,,,,,,,,,,,,,,,,,,
,,,,,,,,,,,,,,,,,,,,,,,,,,,,
,,,,,,,,,,,,,,,,,,,,,,,,,,,,
,,,,,,,,,,,,,,,,,,,,,,,,,,,,
,,,,,,,,,,,,,,,,,,,,,,,,,,,,
,,,,,,,,,,,,,,,,,,,,,,,,,,,,
,,,,,,,,,,,,,,,,,,,,,,,,,,,,
,,,,,,,,,,,,,,,,,,,,,,,,,,,,
,,,,,,,,,,,,,,,,,,,,,,,,,,,,
,,,,,,,,,,,,,,,,,,,,,,,,,,,,
,,,,,,,,,,,,,,,,,,,,,,,,,,,,
,,,,,,,,,,,,,,,,,,,,,,,,,,,,
,,,,,,,,,,,,,,,,,,,,,,,,,,,,
,,,,,,,,,,,,,,,,,,,,,,,,,,,,
,,,,,,,,,,,,,,,,,,,,,,,,,,,,
,,,,,,,,,,,,,,,,,,,,,,,,,,,,
,,,,,,,,,,,,,,,,,,,,,,,,,,,,
,,,,,,,,,,,,,,,,,,,,,,,,,,,,
,,,,,,,,,,,,,,,,,,,,,,,,,,,,
,,,,,,,,,,,,,,,,,,,,,,,,,,,,
,,,,,,,,,,,,,,,,,,,,,,,,,,,,
,,,,,,,,,,,,,,,,,,,,,,,,,,,,
,,,,,,,,,,,,,,,,,,,,,,,,,,,,
,,,,,,,,,,,,,,,,,,,,,,,,,,,,
,,,,,,,,,,,,,,,,,,,,,,,,,,,,
,,,,,,,,,,,,,,,,,,,,,,,,,,,,
,,,,,,,,,,,,,,,,,,,,,,,,,,,,
,,,,,,,,,,,,,,,,,,,,,,,,,,,,
,,,,,,,,,,,,,,,,,,,,,,,,,,,,
,,,,,,,,,,,,,,,,,,,,,,,,,,,,
,,,,,,,,,,,,,,,,,,,,,,,,,,,,
,,,,,,,,,,,,,,,,,,,,,,,,,,,,
,,,,,,,,,,,,,,,,,,,,,,,,,,,,
